{"v":"5.8.1","fr":60,"ip":0,"op":60,"w":1092,"h":1092,"nm":"Comp 1","ddd":0,"assets":[],"layers":[{"ddd":0,"ind":1,"ty":4,"nm":"back tyre","sr":1,"ks":{"o":{"a":0,"k":100,"ix":11},"r":{"a":1,"k":[{"i":{"x":[0.667],"y":[1]},"o":{"x":[0.333],"y":[0]},"t":0,"s":[0]},{"t":60,"s":[360]}],"ix":10},"p":{"a":0,"k":[326.253,612.476,0],"ix":2,"l":2},"a":{"a":0,"k":[51.539,51.536,0],"ix":1,"l":2},"s":{"a":0,"k":[100,100,100],"ix":6,"l":2}},"ao":0,"shapes":[{"ty":"gr","it":[{"ind":0,"ty":"sh","ix":1,"ks":{"a":0,"k":{"i":[[0.613,0],[0.824,2.533],[-3.144,1.021],[0,0],[0,0],[0,0],[-0.747,-2.304],[-2.303,0.751],[0,0],[0,0],[0,0]],"o":[[-2.529,0],[-1.02,-3.147],[0,0],[0,0],[0,0],[-2.302,0.747],[0.749,2.304],[0,0],[0,0],[0,0],[-0.613,0.199]],"v":[[-8.504,9.408],[-14.214,5.262],[-10.363,-2.295],[11.525,-9.408],[12.022,-7.88],[-9.867,-0.767],[-12.686,4.766],[-7.151,7.586],[14.738,0.474],[15.234,2.001],[-6.655,9.114]],"c":true},"ix":2},"nm":"Path 1","mn":"ADBE Vector Shape - Group","hd":false},{"ty":"fl","c":{"a":0,"k":[1,1,1,1],"ix":4},"o":{"a":0,"k":100,"ix":5},"r":1,"bm":0,"nm":"Fill 1","mn":"ADBE Vector Graphic - Fill","hd":false},{"ty":"tr","p":{"a":0,"k":[70.808,44.63],"ix":2},"a":{"a":0,"k":[0,0],"ix":1},"s":{"a":0,"k":[100,100],"ix":3},"r":{"a":0,"k":0,"ix":6},"o":{"a":0,"k":100,"ix":7},"sk":{"a":0,"k":0,"ix":4},"sa":{"a":0,"k":0,"ix":5},"nm":"Transform"}],"nm":"Group 1","np":4,"cix":2,"bm":0,"ix":1,"mn":"ADBE Vector Group","hd":false},{"ty":"gr","it":[{"ind":0,"ty":"sh","ix":1,"ks":{"a":0,"k":{"i":[[0,0],[0,0],[-0.251,1.583],[-1.297,0.942],[-1.943,-2.675],[0,0],[0,0],[0,0],[1.961,-1.421],[0.184,-1.159],[-0.69,-0.948],[0,0]],"o":[[0,0],[-0.942,-1.295],[0.25,-1.582],[2.676,-1.943],[0,0],[0,0],[0,0],[-1.423,-1.958],[-0.949,0.69],[-0.184,1.158],[0,0],[0,0]],"v":[[2.572,14.471],[-10.955,-4.149],[-12.028,-8.613],[-9.627,-12.528],[-1.251,-11.201],[12.278,7.418],[10.98,8.363],[-2.549,-10.257],[-8.684,-11.228],[-10.441,-8.361],[-9.657,-5.094],[3.87,13.527]],"c":true},"ix":2},"nm":"Path 1","mn":"ADBE Vector Shape - Group","hd":false},{"ty":"fl","c":{"a":0,"k":[1,1,1,1],"ix":4},"o":{"a":0,"k":100,"ix":5},"r":1,"bm":0,"nm":"Fill 1","mn":"ADBE Vector Graphic - Fill","hd":false},{"ty":"tr","p":{"a":0,"k":[64.292,68.364],"ix":2},"a":{"a":0,"k":[0,0],"ix":1},"s":{"a":0,"k":[100,100],"ix":3},"r":{"a":0,"k":0,"ix":6},"o":{"a":0,"k":100,"ix":7},"sk":{"a":0,"k":0,"ix":4},"sa":{"a":0,"k":0,"ix":5},"nm":"Transform"}],"nm":"Group 2","np":4,"cix":2,"bm":0,"ix":2,"mn":"ADBE Vector Group","hd":false},{"ty":"gr","it":[{"ind":0,"ty":"sh","ix":1,"ks":{"a":0,"k":{"i":[[0,0],[0,0],[0,0],[1.959,1.425],[1.424,-1.959],[0,0],[0,0],[0,0],[-2.677,-1.943],[1.943,-2.674]],"o":[[0,0],[0,0],[1.422,-1.958],[-1.96,-1.423],[0,0],[0,0],[0,0],[1.944,-2.676],[2.675,1.946],[0,0]],"v":[[-2.883,14.471],[-4.182,13.527],[9.346,-5.094],[8.374,-11.229],[2.237,-10.257],[-11.289,8.363],[-12.589,7.418],[0.939,-11.201],[9.319,-12.528],[10.646,-4.15]],"c":true},"ix":2},"nm":"Path 1","mn":"ADBE Vector Shape - Group","hd":false},{"ty":"fl","c":{"a":0,"k":[1,1,1,1],"ix":4},"o":{"a":0,"k":100,"ix":5},"r":1,"bm":0,"nm":"Fill 1","mn":"ADBE Vector Graphic - Fill","hd":false},{"ty":"tr","p":{"a":0,"k":[39.096,68.364],"ix":2},"a":{"a":0,"k":[0,0],"ix":1},"s":{"a":0,"k":[100,100],"ix":3},"r":{"a":0,"k":0,"ix":6},"o":{"a":0,"k":100,"ix":7},"sk":{"a":0,"k":0,"ix":4},"sa":{"a":0,"k":0,"ix":5},"nm":"Transform"}],"nm":"Group 3","np":4,"cix":2,"bm":0,"ix":3,"mn":"ADBE Vector Group","hd":false},{"ty":"gr","it":[{"ind":0,"ty":"sh","ix":1,"ks":{"a":0,"k":{"i":[[2.528,0],[0.613,0.199],[0,0],[0,0],[0,0],[-0.748,2.303],[0.533,1.046],[1.116,0.362],[0,0],[0,0],[0,0],[-0.727,-1.427],[0.495,-1.524]],"o":[[-0.613,0],[0,0],[0,0],[0,0],[2.303,0.749],[0.363,-1.116],[-0.533,-1.045],[0,0],[0,0],[0,0],[1.523,0.496],[0.728,1.428],[-0.823,2.532]],"v":[[8.767,9.407],[6.918,9.114],[-14.97,2.002],[-14.475,0.473],[7.414,7.585],[12.948,4.765],[12.685,1.415],[10.129,-0.769],[-11.759,-7.881],[-11.264,-9.407],[10.625,-2.296],[14.116,0.686],[14.475,5.262]],"c":true},"ix":2},"nm":"Path 1","mn":"ADBE Vector Shape - Group","hd":false},{"ty":"fl","c":{"a":0,"k":[1,1,1,1],"ix":4},"o":{"a":0,"k":100,"ix":5},"r":1,"bm":0,"nm":"Fill 1","mn":"ADBE Vector Graphic - Fill","hd":false},{"ty":"tr","p":{"a":0,"k":[32.007,44.63],"ix":2},"a":{"a":0,"k":[0,0],"ix":1},"s":{"a":0,"k":[100,100],"ix":3},"r":{"a":0,"k":0,"ix":6},"o":{"a":0,"k":100,"ix":7},"sk":{"a":0,"k":0,"ix":4},"sa":{"a":0,"k":0,"ix":5},"nm":"Transform"}],"nm":"Group 4","np":4,"cix":2,"bm":0,"ix":4,"mn":"ADBE Vector Group","hd":false},{"ty":"gr","it":[{"ind":0,"ty":"sh","ix":1,"ks":{"a":0,"k":{"i":[[3.307,0],[0,3.307],[0,0],[0,0],[0,0],[-2.422,0],[0,2.421],[0,0],[0,0],[0,0]],"o":[[-3.307,0],[0,0],[0,0],[0,0],[0,2.421],[2.422,0],[0,0],[0,0],[0,0],[0,3.307]],"v":[[0,14.507],[-5.998,8.51],[-5.998,-14.507],[-4.392,-14.507],[-4.392,8.51],[0,12.901],[4.392,8.51],[4.392,-14.507],[5.998,-14.507],[5.998,8.51]],"c":true},"ix":2},"nm":"Path 1","mn":"ADBE Vector Shape - Group","hd":false},{"ty":"fl","c":{"a":0,"k":[1,1,1,1],"ix":4},"o":{"a":0,"k":100,"ix":5},"r":1,"bm":0,"nm":"Fill 1","mn":"ADBE Vector Graphic - Fill","hd":false},{"ty":"tr","p":{"a":0,"k":[51.54,31.713],"ix":2},"a":{"a":0,"k":[0,0],"ix":1},"s":{"a":0,"k":[100,100],"ix":3},"r":{"a":0,"k":0,"ix":6},"o":{"a":0,"k":100,"ix":7},"sk":{"a":0,"k":0,"ix":4},"sa":{"a":0,"k":0,"ix":5},"nm":"Transform"}],"nm":"Group 5","np":4,"cix":2,"bm":0,"ix":5,"mn":"ADBE Vector Group","hd":false},{"ty":"gr","it":[{"ind":0,"ty":"sh","ix":1,"ks":{"a":0,"k":{"i":[[0.936,0],[0,-0.936],[-0.936,0],[0,0.936]],"o":[[-0.936,0],[0,0.936],[0.936,0],[0,-0.936]],"v":[[0,-1.695],[-1.695,0.001],[0,1.695],[1.695,0.001]],"c":true},"ix":2},"nm":"Path 1","mn":"ADBE Vector Shape - Group","hd":false},{"ty":"fl","c":{"a":0,"k":[0.2,0.2,0.2,1],"ix":4},"o":{"a":0,"k":100,"ix":5},"r":1,"bm":0,"nm":"Fill 1","mn":"ADBE Vector Graphic - Fill","hd":false},{"ty":"tr","p":{"a":0,"k":[40.809,48.117],"ix":2},"a":{"a":0,"k":[0,0],"ix":1},"s":{"a":0,"k":[100,100],"ix":3},"r":{"a":0,"k":0,"ix":6},"o":{"a":0,"k":100,"ix":7},"sk":{"a":0,"k":0,"ix":4},"sa":{"a":0,"k":0,"ix":5},"nm":"Transform"}],"nm":"Group 6","np":4,"cix":2,"bm":0,"ix":6,"mn":"ADBE Vector Group","hd":false},{"ty":"gr","it":[{"ind":0,"ty":"sh","ix":1,"ks":{"a":0,"k":{"i":[[0.937,0],[0,-0.936],[-0.935,0],[0,0.936]],"o":[[-0.935,0],[0,0.936],[0.937,0],[0,-0.936]],"v":[[0,-1.695],[-1.694,0.001],[0,1.695],[1.694,0.001]],"c":true},"ix":2},"nm":"Path 1","mn":"ADBE Vector Shape - Group","hd":false},{"ty":"fl","c":{"a":0,"k":[0.2,0.2,0.2,1],"ix":4},"o":{"a":0,"k":100,"ix":5},"r":1,"bm":0,"nm":"Fill 1","mn":"ADBE Vector Graphic - Fill","hd":false},{"ty":"tr","p":{"a":0,"k":[44.785,60.663],"ix":2},"a":{"a":0,"k":[0,0],"ix":1},"s":{"a":0,"k":[100,100],"ix":3},"r":{"a":0,"k":0,"ix":6},"o":{"a":0,"k":100,"ix":7},"sk":{"a":0,"k":0,"ix":4},"sa":{"a":0,"k":0,"ix":5},"nm":"Transform"}],"nm":"Group 7","np":4,"cix":2,"bm":0,"ix":7,"mn":"ADBE Vector Group","hd":false},{"ty":"gr","it":[{"ind":0,"ty":"sh","ix":1,"ks":{"a":0,"k":{"i":[[0.936,0],[0,-0.936],[-0.936,0],[0,0.936]],"o":[[-0.936,0],[0,0.936],[0.936,0],[0,-0.936]],"v":[[0,-1.695],[-1.695,0.001],[0,1.695],[1.695,0.001]],"c":true},"ix":2},"nm":"Path 1","mn":"ADBE Vector Shape - Group","hd":false},{"ty":"fl","c":{"a":0,"k":[0.2,0.2,0.2,1],"ix":4},"o":{"a":0,"k":100,"ix":5},"r":1,"bm":0,"nm":"Fill 1","mn":"ADBE Vector Graphic - Fill","hd":false},{"ty":"tr","p":{"a":0,"k":[58.294,60.663],"ix":2},"a":{"a":0,"k":[0,0],"ix":1},"s":{"a":0,"k":[100,100],"ix":3},"r":{"a":0,"k":0,"ix":6},"o":{"a":0,"k":100,"ix":7},"sk":{"a":0,"k":0,"ix":4},"sa":{"a":0,"k":0,"ix":5},"nm":"Transform"}],"nm":"Group 8","np":4,"cix":2,"bm":0,"ix":8,"mn":"ADBE Vector Group","hd":false},{"ty":"gr","it":[{"ind":0,"ty":"sh","ix":1,"ks":{"a":0,"k":{"i":[[0.937,0],[0,-0.936],[-0.935,0],[0,0.936]],"o":[[-0.935,0],[0,0.936],[0.937,0],[0,-0.936]],"v":[[0,-1.695],[-1.694,0.001],[0,1.695],[1.694,0.001]],"c":true},"ix":2},"nm":"Path 1","mn":"ADBE Vector Shape - Group","hd":false},{"ty":"fl","c":{"a":0,"k":[0.2,0.2,0.2,1],"ix":4},"o":{"a":0,"k":100,"ix":5},"r":1,"bm":0,"nm":"Fill 1","mn":"ADBE Vector Graphic - Fill","hd":false},{"ty":"tr","p":{"a":0,"k":[51.539,40.561],"ix":2},"a":{"a":0,"k":[0,0],"ix":1},"s":{"a":0,"k":[100,100],"ix":3},"r":{"a":0,"k":0,"ix":6},"o":{"a":0,"k":100,"ix":7},"sk":{"a":0,"k":0,"ix":4},"sa":{"a":0,"k":0,"ix":5},"nm":"Transform"}],"nm":"Group 9","np":4,"cix":2,"bm":0,"ix":9,"mn":"ADBE Vector Group","hd":false},{"ty":"gr","it":[{"ind":0,"ty":"sh","ix":1,"ks":{"a":0,"k":{"i":[[0.936,0],[0,-0.936],[-0.936,0],[0,0.936]],"o":[[-0.936,0],[0,0.936],[0.936,0],[0,-0.936]],"v":[[0,-1.695],[-1.695,0.001],[0,1.695],[1.695,0.001]],"c":true},"ix":2},"nm":"Path 1","mn":"ADBE Vector Shape - Group","hd":false},{"ty":"fl","c":{"a":0,"k":[0.2,0.2,0.2,1],"ix":4},"o":{"a":0,"k":100,"ix":5},"r":1,"bm":0,"nm":"Fill 1","mn":"ADBE Vector Graphic - Fill","hd":false},{"ty":"tr","p":{"a":0,"k":[62.259,48.117],"ix":2},"a":{"a":0,"k":[0,0],"ix":1},"s":{"a":0,"k":[100,100],"ix":3},"r":{"a":0,"k":0,"ix":6},"o":{"a":0,"k":100,"ix":7},"sk":{"a":0,"k":0,"ix":4},"sa":{"a":0,"k":0,"ix":5},"nm":"Transform"}],"nm":"Group 10","np":4,"cix":2,"bm":0,"ix":10,"mn":"ADBE Vector Group","hd":false},{"ty":"gr","it":[{"ind":0,"ty":"sh","ix":1,"ks":{"a":0,"k":{"i":[[0,-1.888],[1.889,0],[0,1.889],[-1.889,0]],"o":[[0,1.889],[-1.889,0],[0,-1.888],[1.889,0]],"v":[[3.421,0],[-0.001,3.42],[-3.421,0],[-0.001,-3.42]],"c":true},"ix":2},"nm":"Path 1","mn":"ADBE Vector Shape - Group","hd":false},{"ty":"fl","c":{"a":0,"k":[0.2,0.2,0.2,1],"ix":4},"o":{"a":0,"k":100,"ix":5},"r":1,"bm":0,"nm":"Fill 1","mn":"ADBE Vector Graphic - Fill","hd":false},{"ty":"tr","p":{"a":0,"k":[51.539,51.536],"ix":2},"a":{"a":0,"k":[0,0],"ix":1},"s":{"a":0,"k":[100,100],"ix":3},"r":{"a":0,"k":0,"ix":6},"o":{"a":0,"k":100,"ix":7},"sk":{"a":0,"k":0,"ix":4},"sa":{"a":0,"k":0,"ix":5},"nm":"Transform"}],"nm":"Group 11","np":4,"cix":2,"bm":0,"ix":11,"mn":"ADBE Vector Group","hd":false},{"ty":"gr","it":[{"ind":0,"ty":"sh","ix":1,"ks":{"a":0,"k":{"i":[[0,-4.666],[4.666,0],[0,4.666],[-4.666,0]],"o":[[0,4.666],[-4.666,0],[0,-4.666],[4.666,0]],"v":[[8.449,0],[0,8.449],[-8.449,0],[0,-8.449]],"c":true},"ix":2},"nm":"Path 1","mn":"ADBE Vector Shape - Group","hd":false},{"ty":"fl","c":{"a":0,"k":[0.8,0.8,0.8,1],"ix":4},"o":{"a":0,"k":100,"ix":5},"r":1,"bm":0,"nm":"Fill 1","mn":"ADBE Vector Graphic - Fill","hd":false},{"ty":"tr","p":{"a":0,"k":[51.54,51.536],"ix":2},"a":{"a":0,"k":[0,0],"ix":1},"s":{"a":0,"k":[100,100],"ix":3},"r":{"a":0,"k":0,"ix":6},"o":{"a":0,"k":100,"ix":7},"sk":{"a":0,"k":0,"ix":4},"sa":{"a":0,"k":0,"ix":5},"nm":"Transform"}],"nm":"Group 12","np":4,"cix":2,"bm":0,"ix":12,"mn":"ADBE Vector Group","hd":false},{"ty":"gr","it":[{"ind":0,"ty":"sh","ix":1,"ks":{"a":0,"k":{"i":[[11.37,0],[0,-11.371],[-11.371,0],[0,11.371]],"o":[[-11.371,0],[0,11.371],[11.37,0],[0,-11.371]],"v":[[0.001,-20.622],[-20.621,0],[0.001,20.622],[20.621,0]],"c":true},"ix":2},"nm":"Path 1","mn":"ADBE Vector Shape - Group","hd":false},{"ind":1,"ty":"sh","ix":2,"ks":{"a":0,"k":{"i":[[12.256,0],[0,12.257],[-12.257,0],[0,-12.257]],"o":[[-12.257,0],[0,-12.257],[12.256,0],[0,12.257]],"v":[[0.001,22.228],[-22.228,0],[0.001,-22.228],[22.228,0]],"c":true},"ix":2},"nm":"Path 2","mn":"ADBE Vector Shape - Group","hd":false},{"ty":"mm","mm":1,"nm":"Merge Paths 1","mn":"ADBE Vector Filter - Merge","hd":false},{"ty":"fl","c":{"a":0,"k":[1,1,1,1],"ix":4},"o":{"a":0,"k":100,"ix":5},"r":1,"bm":0,"nm":"Fill 1","mn":"ADBE Vector Graphic - Fill","hd":false},{"ty":"tr","p":{"a":0,"k":[51.539,51.535],"ix":2},"a":{"a":0,"k":[0,0],"ix":1},"s":{"a":0,"k":[100,100],"ix":3},"r":{"a":0,"k":0,"ix":6},"o":{"a":0,"k":100,"ix":7},"sk":{"a":0,"k":0,"ix":4},"sa":{"a":0,"k":0,"ix":5},"nm":"Transform"}],"nm":"Group 13","np":6,"cix":2,"bm":0,"ix":13,"mn":"ADBE Vector Group","hd":false},{"ty":"gr","it":[{"ind":0,"ty":"sh","ix":1,"ks":{"a":0,"k":{"i":[[0,-7.903],[7.902,0],[0,7.903],[-7.904,0]],"o":[[0,7.903],[-7.904,0],[0,-7.903],[7.902,0]],"v":[[14.31,0],[0.001,14.31],[-14.31,0],[0.001,-14.31]],"c":true},"ix":2},"nm":"Path 1","mn":"ADBE Vector Shape - Group","hd":false},{"ty":"fl","c":{"a":0,"k":[0.8,0.8,0.8,1],"ix":4},"o":{"a":0,"k":100,"ix":5},"r":1,"bm":0,"nm":"Fill 1","mn":"ADBE Vector Graphic - Fill","hd":false},{"ty":"tr","p":{"a":0,"k":[51.538,51.536],"ix":2},"a":{"a":0,"k":[0,0],"ix":1},"s":{"a":0,"k":[100,100],"ix":3},"r":{"a":0,"k":0,"ix":6},"o":{"a":0,"k":100,"ix":7},"sk":{"a":0,"k":0,"ix":4},"sa":{"a":0,"k":0,"ix":5},"nm":"Transform"}],"nm":"Group 14","np":4,"cix":2,"bm":0,"ix":14,"mn":"ADBE Vector Group","hd":false},{"ty":"gr","it":[{"ind":0,"ty":"sh","ix":1,"ks":{"a":0,"k":{"i":[[18.07,0],[0,-18.07],[-18.071,0],[0,18.07]],"o":[[-18.071,0],[0,18.07],[18.07,0],[0,-18.07]],"v":[[0.001,-32.772],[-32.772,0],[0.001,32.771],[32.772,0]],"c":true},"ix":2},"nm":"Path 1","mn":"ADBE Vector Shape - Group","hd":false},{"ind":1,"ty":"sh","ix":2,"ks":{"a":0,"k":{"i":[[19.841,0],[0,19.842],[-19.842,0],[0,-19.841]],"o":[[-19.842,0],[0,-19.841],[19.841,0],[0,19.842]],"v":[[0.001,35.983],[-35.984,0],[0.001,-35.983],[35.984,0]],"c":true},"ix":2},"nm":"Path 2","mn":"ADBE Vector Shape - Group","hd":false},{"ty":"mm","mm":1,"nm":"Merge Paths 1","mn":"ADBE Vector Filter - Merge","hd":false},{"ty":"fl","c":{"a":0,"k":[1,1,1,1],"ix":4},"o":{"a":0,"k":100,"ix":5},"r":1,"bm":0,"nm":"Fill 1","mn":"ADBE Vector Graphic - Fill","hd":false},{"ty":"tr","p":{"a":0,"k":[51.539,51.536],"ix":2},"a":{"a":0,"k":[0,0],"ix":1},"s":{"a":0,"k":[100,100],"ix":3},"r":{"a":0,"k":0,"ix":6},"o":{"a":0,"k":100,"ix":7},"sk":{"a":0,"k":0,"ix":4},"sa":{"a":0,"k":0,"ix":5},"nm":"Transform"}],"nm":"Group 15","np":6,"cix":2,"bm":0,"ix":15,"mn":"ADBE Vector Group","hd":false},{"ty":"gr","it":[{"ind":0,"ty":"sh","ix":1,"ks":{"a":0,"k":{"i":[[0,-27.838],[27.65,-0.771],[0,0],[0,14.7],[14.511,0.756],[0,0]],"o":[[0,27.841],[0,0],[14.511,-0.755],[0,-14.703],[0,0],[27.65,0.771]],"v":[[24.917,-0.004],[-24.917,51.267],[-24.917,27.463],[1.132,-0.001],[-24.917,-27.465],[-24.917,-51.267]],"c":true},"ix":2},"nm":"Path 1","mn":"ADBE Vector Shape - Group","hd":false},{"ty":"fl","c":{"a":0,"k":[0.298000021542,0.298000021542,0.298000021542,1],"ix":4},"o":{"a":0,"k":100,"ix":5},"r":1,"bm":0,"nm":"Fill 1","mn":"ADBE Vector Graphic - Fill","hd":false},{"ty":"tr","p":{"a":0,"k":[77.91,51.537],"ix":2},"a":{"a":0,"k":[0,0],"ix":1},"s":{"a":0,"k":[100,100],"ix":3},"r":{"a":0,"k":0,"ix":6},"o":{"a":0,"k":100,"ix":7},"sk":{"a":0,"k":0,"ix":4},"sa":{"a":0,"k":0,"ix":5},"nm":"Transform"}],"nm":"Group 16","np":4,"cix":2,"bm":0,"ix":16,"mn":"ADBE Vector Group","hd":false},{"ty":"gr","it":[{"ind":0,"ty":"sh","ix":1,"ks":{"a":0,"k":{"i":[[14.511,-0.755],[0.488,0],[0,15.188],[-15.19,0],[-0.482,-0.025],[0,-14.703]],"o":[[-0.482,0.025],[-15.19,0],[0,-15.19],[0.488,0],[14.511,0.756],[0,14.7]],"v":[[1.456,27.463],[0.002,27.501],[-27.503,-0.001],[0.002,-27.502],[1.456,-27.465],[27.503,-0.001]],"c":true},"ix":2},"nm":"Path 1","mn":"ADBE Vector Shape - Group","hd":false},{"ind":1,"ty":"sh","ix":2,"ks":{"a":0,"k":{"i":[[27.649,0.771],[0.485,0],[0,-28.323],[-28.326,0],[-0.485,0.012],[0,27.841]],"o":[[-0.485,-0.013],[-28.326,0],[0,28.326],[0.485,0],[27.649,-0.771],[0,-27.838]],"v":[[1.456,-51.268],[0.002,-51.286],[-51.288,-0.004],[0.002,51.286],[1.456,51.267],[51.288,-0.004]],"c":true},"ix":2},"nm":"Path 2","mn":"ADBE Vector Shape - Group","hd":false},{"ty":"mm","mm":1,"nm":"Merge Paths 1","mn":"ADBE Vector Filter - Merge","hd":false},{"ty":"fl","c":{"a":0,"k":[0.226999993418,0.226999993418,0.226999993418,1],"ix":4},"o":{"a":0,"k":100,"ix":5},"r":1,"bm":0,"nm":"Fill 1","mn":"ADBE Vector Graphic - Fill","hd":false},{"ty":"tr","p":{"a":0,"k":[51.538,51.537],"ix":2},"a":{"a":0,"k":[0,0],"ix":1},"s":{"a":0,"k":[100,100],"ix":3},"r":{"a":0,"k":0,"ix":6},"o":{"a":0,"k":100,"ix":7},"sk":{"a":0,"k":0,"ix":4},"sa":{"a":0,"k":0,"ix":5},"nm":"Transform"}],"nm":"Group 17","np":6,"cix":2,"bm":0,"ix":17,"mn":"ADBE Vector Group","hd":false}],"ip":0,"op":300,"st":0,"bm":0},{"ddd":0,"ind":2,"ty":4,"nm":"front tyre","sr":1,"ks":{"o":{"a":0,"k":100,"ix":11},"r":{"a":1,"k":[{"i":{"x":[0.667],"y":[1]},"o":{"x":[0.333],"y":[0]},"t":0,"s":[0]},{"t":60,"s":[360]}],"ix":10},"p":{"a":0,"k":[736.621,612.476,0],"ix":2,"l":2},"a":{"a":0,"k":[51.538,51.536,0],"ix":1,"l":2},"s":{"a":0,"k":[100,100,100],"ix":6,"l":2}},"ao":0,"shapes":[{"ty":"gr","it":[{"ind":0,"ty":"sh","ix":1,"ks":{"a":0,"k":{"i":[[0.613,0],[0.824,2.533],[-3.144,1.021],[0,0],[0,0],[0,0],[-0.747,-2.304],[-2.301,0.75],[0,0],[0,0],[0,0]],"o":[[-2.528,0],[-1.021,-3.146],[0,0],[0,0],[0,0],[-2.302,0.747],[0.749,2.304],[0,0],[0,0],[0,0],[-0.614,0.199]],"v":[[-8.503,9.408],[-14.214,5.262],[-10.362,-2.295],[11.526,-9.408],[12.022,-7.88],[-9.867,-0.767],[-12.685,4.766],[-7.151,7.586],[14.738,0.474],[15.234,2.001],[-6.654,9.114]],"c":true},"ix":2},"nm":"Path 1","mn":"ADBE Vector Shape - Group","hd":false},{"ty":"fl","c":{"a":0,"k":[1,1,1,1],"ix":4},"o":{"a":0,"k":100,"ix":5},"r":1,"bm":0,"nm":"Fill 1","mn":"ADBE Vector Graphic - Fill","hd":false},{"ty":"tr","p":{"a":0,"k":[70.807,44.63],"ix":2},"a":{"a":0,"k":[0,0],"ix":1},"s":{"a":0,"k":[100,100],"ix":3},"r":{"a":0,"k":0,"ix":6},"o":{"a":0,"k":100,"ix":7},"sk":{"a":0,"k":0,"ix":4},"sa":{"a":0,"k":0,"ix":5},"nm":"Transform"}],"nm":"Group 1","np":4,"cix":2,"bm":0,"ix":1,"mn":"ADBE Vector Group","hd":false},{"ty":"gr","it":[{"ind":0,"ty":"sh","ix":1,"ks":{"a":0,"k":{"i":[[0,0],[0,0],[-0.25,1.582],[-1.298,0.942],[-1.943,-2.675],[0,0],[0,0],[0,0],[1.961,-1.422],[0.184,-1.159],[-0.69,-0.948],[0,0]],"o":[[0,0],[-0.942,-1.295],[0.251,-1.583],[2.677,-1.942],[0,0],[0,0],[0,0],[-1.422,-1.959],[-0.949,0.69],[-0.184,1.158],[0,0],[0,0]],"v":[[2.571,14.47],[-10.956,-4.15],[-12.029,-8.612],[-9.628,-12.529],[-1.251,-11.202],[12.279,7.418],[10.979,8.363],[-2.551,-10.258],[-8.685,-11.228],[-10.442,-8.362],[-9.657,-5.094],[3.871,13.527]],"c":true},"ix":2},"nm":"Path 1","mn":"ADBE Vector Shape - Group","hd":false},{"ty":"fl","c":{"a":0,"k":[1,1,1,1],"ix":4},"o":{"a":0,"k":100,"ix":5},"r":1,"bm":0,"nm":"Fill 1","mn":"ADBE Vector Graphic - Fill","hd":false},{"ty":"tr","p":{"a":0,"k":[64.293,68.364],"ix":2},"a":{"a":0,"k":[0,0],"ix":1},"s":{"a":0,"k":[100,100],"ix":3},"r":{"a":0,"k":0,"ix":6},"o":{"a":0,"k":100,"ix":7},"sk":{"a":0,"k":0,"ix":4},"sa":{"a":0,"k":0,"ix":5},"nm":"Transform"}],"nm":"Group 2","np":4,"cix":2,"bm":0,"ix":2,"mn":"ADBE Vector Group","hd":false},{"ty":"gr","it":[{"ind":0,"ty":"sh","ix":1,"ks":{"a":0,"k":{"i":[[0,0],[0,0],[0,0],[1.958,1.426],[1.423,-1.958],[0,0],[0,0],[0,0],[-2.676,-1.943],[1.942,-2.674]],"o":[[0,0],[0,0],[1.422,-1.958],[-1.96,-1.423],[0,0],[0,0],[0,0],[1.945,-2.676],[2.675,1.946],[0,0]],"v":[[-2.883,14.471],[-4.183,13.527],[9.347,-5.094],[8.374,-11.229],[2.238,-10.257],[-11.289,8.363],[-12.588,7.418],[0.938,-11.201],[9.318,-12.528],[10.646,-4.15]],"c":true},"ix":2},"nm":"Path 1","mn":"ADBE Vector Shape - Group","hd":false},{"ty":"fl","c":{"a":0,"k":[1,1,1,1],"ix":4},"o":{"a":0,"k":100,"ix":5},"r":1,"bm":0,"nm":"Fill 1","mn":"ADBE Vector Graphic - Fill","hd":false},{"ty":"tr","p":{"a":0,"k":[39.096,68.364],"ix":2},"a":{"a":0,"k":[0,0],"ix":1},"s":{"a":0,"k":[100,100],"ix":3},"r":{"a":0,"k":0,"ix":6},"o":{"a":0,"k":100,"ix":7},"sk":{"a":0,"k":0,"ix":4},"sa":{"a":0,"k":0,"ix":5},"nm":"Transform"}],"nm":"Group 3","np":4,"cix":2,"bm":0,"ix":3,"mn":"ADBE Vector Group","hd":false},{"ty":"gr","it":[{"ind":0,"ty":"sh","ix":1,"ks":{"a":0,"k":{"i":[[2.528,0],[0.613,0.199],[0,0],[0,0],[0,0],[-0.749,2.303],[0.533,1.046],[1.116,0.362],[0,0],[0,0],[0,0],[-0.728,-1.427],[0.496,-1.524]],"o":[[-0.613,0],[0,0],[0,0],[0,0],[2.302,0.749],[0.363,-1.116],[-0.533,-1.045],[0,0],[0,0],[0,0],[1.523,0.495],[0.727,1.428],[-0.824,2.532]],"v":[[8.766,9.407],[6.918,9.114],[-14.971,2.002],[-14.475,0.473],[7.414,7.585],[12.947,4.765],[12.684,1.415],[10.128,-0.769],[-11.761,-7.881],[-11.264,-9.407],[10.625,-2.296],[14.115,0.686],[14.475,5.262]],"c":true},"ix":2},"nm":"Path 1","mn":"ADBE Vector Shape - Group","hd":false},{"ty":"fl","c":{"a":0,"k":[1,1,1,1],"ix":4},"o":{"a":0,"k":100,"ix":5},"r":1,"bm":0,"nm":"Fill 1","mn":"ADBE Vector Graphic - Fill","hd":false},{"ty":"tr","p":{"a":0,"k":[32.008,44.63],"ix":2},"a":{"a":0,"k":[0,0],"ix":1},"s":{"a":0,"k":[100,100],"ix":3},"r":{"a":0,"k":0,"ix":6},"o":{"a":0,"k":100,"ix":7},"sk":{"a":0,"k":0,"ix":4},"sa":{"a":0,"k":0,"ix":5},"nm":"Transform"}],"nm":"Group 4","np":4,"cix":2,"bm":0,"ix":4,"mn":"ADBE Vector Group","hd":false},{"ty":"gr","it":[{"ind":0,"ty":"sh","ix":1,"ks":{"a":0,"k":{"i":[[3.307,0],[0,3.307],[0,0],[0,0],[0,0],[-2.422,0],[0,2.421],[0,0],[0,0],[0,0]],"o":[[-3.307,0],[0,0],[0,0],[0,0],[0,2.421],[2.422,0],[0,0],[0,0],[0,0],[0,3.307]],"v":[[0.001,14.507],[-5.999,8.51],[-5.999,-14.507],[-4.392,-14.507],[-4.392,8.51],[0.001,12.901],[4.392,8.51],[4.392,-14.507],[5.999,-14.507],[5.999,8.51]],"c":true},"ix":2},"nm":"Path 1","mn":"ADBE Vector Shape - Group","hd":false},{"ty":"fl","c":{"a":0,"k":[1,1,1,1],"ix":4},"o":{"a":0,"k":100,"ix":5},"r":1,"bm":0,"nm":"Fill 1","mn":"ADBE Vector Graphic - Fill","hd":false},{"ty":"tr","p":{"a":0,"k":[51.539,31.713],"ix":2},"a":{"a":0,"k":[0,0],"ix":1},"s":{"a":0,"k":[100,100],"ix":3},"r":{"a":0,"k":0,"ix":6},"o":{"a":0,"k":100,"ix":7},"sk":{"a":0,"k":0,"ix":4},"sa":{"a":0,"k":0,"ix":5},"nm":"Transform"}],"nm":"Group 5","np":4,"cix":2,"bm":0,"ix":5,"mn":"ADBE Vector Group","hd":false},{"ty":"gr","it":[{"ind":0,"ty":"sh","ix":1,"ks":{"a":0,"k":{"i":[[0.936,0],[0,-0.936],[-0.936,0],[0,0.936]],"o":[[-0.936,0],[0,0.936],[0.936,0],[0,-0.936]],"v":[[0,-1.695],[-1.695,0.001],[0,1.695],[1.695,0.001]],"c":true},"ix":2},"nm":"Path 1","mn":"ADBE Vector Shape - Group","hd":false},{"ty":"fl","c":{"a":0,"k":[0.2,0.2,0.2,1],"ix":4},"o":{"a":0,"k":100,"ix":5},"r":1,"bm":0,"nm":"Fill 1","mn":"ADBE Vector Graphic - Fill","hd":false},{"ty":"tr","p":{"a":0,"k":[40.809,48.117],"ix":2},"a":{"a":0,"k":[0,0],"ix":1},"s":{"a":0,"k":[100,100],"ix":3},"r":{"a":0,"k":0,"ix":6},"o":{"a":0,"k":100,"ix":7},"sk":{"a":0,"k":0,"ix":4},"sa":{"a":0,"k":0,"ix":5},"nm":"Transform"}],"nm":"Group 6","np":4,"cix":2,"bm":0,"ix":6,"mn":"ADBE Vector Group","hd":false},{"ty":"gr","it":[{"ind":0,"ty":"sh","ix":1,"ks":{"a":0,"k":{"i":[[0.937,0],[0,-0.936],[-0.935,0],[0,0.936]],"o":[[-0.935,0],[0,0.936],[0.937,0],[0,-0.936]],"v":[[0,-1.695],[-1.694,0.001],[0,1.695],[1.694,0.001]],"c":true},"ix":2},"nm":"Path 1","mn":"ADBE Vector Shape - Group","hd":false},{"ty":"fl","c":{"a":0,"k":[0.2,0.2,0.2,1],"ix":4},"o":{"a":0,"k":100,"ix":5},"r":1,"bm":0,"nm":"Fill 1","mn":"ADBE Vector Graphic - Fill","hd":false},{"ty":"tr","p":{"a":0,"k":[44.785,60.663],"ix":2},"a":{"a":0,"k":[0,0],"ix":1},"s":{"a":0,"k":[100,100],"ix":3},"r":{"a":0,"k":0,"ix":6},"o":{"a":0,"k":100,"ix":7},"sk":{"a":0,"k":0,"ix":4},"sa":{"a":0,"k":0,"ix":5},"nm":"Transform"}],"nm":"Group 7","np":4,"cix":2,"bm":0,"ix":7,"mn":"ADBE Vector Group","hd":false},{"ty":"gr","it":[{"ind":0,"ty":"sh","ix":1,"ks":{"a":0,"k":{"i":[[0.936,0],[0,-0.936],[-0.936,0],[0,0.936]],"o":[[-0.936,0],[0,0.936],[0.936,0],[0,-0.936]],"v":[[0,-1.695],[-1.695,0.001],[0,1.695],[1.695,0.001]],"c":true},"ix":2},"nm":"Path 1","mn":"ADBE Vector Shape - Group","hd":false},{"ty":"fl","c":{"a":0,"k":[0.2,0.2,0.2,1],"ix":4},"o":{"a":0,"k":100,"ix":5},"r":1,"bm":0,"nm":"Fill 1","mn":"ADBE Vector Graphic - Fill","hd":false},{"ty":"tr","p":{"a":0,"k":[58.294,60.663],"ix":2},"a":{"a":0,"k":[0,0],"ix":1},"s":{"a":0,"k":[100,100],"ix":3},"r":{"a":0,"k":0,"ix":6},"o":{"a":0,"k":100,"ix":7},"sk":{"a":0,"k":0,"ix":4},"sa":{"a":0,"k":0,"ix":5},"nm":"Transform"}],"nm":"Group 8","np":4,"cix":2,"bm":0,"ix":8,"mn":"ADBE Vector Group","hd":false},{"ty":"gr","it":[{"ind":0,"ty":"sh","ix":1,"ks":{"a":0,"k":{"i":[[0.937,0],[0,-0.936],[-0.935,0],[0,0.936]],"o":[[-0.935,0],[0,0.936],[0.937,0],[0,-0.936]],"v":[[0,-1.695],[-1.694,0.001],[0,1.695],[1.694,0.001]],"c":true},"ix":2},"nm":"Path 1","mn":"ADBE Vector Shape - Group","hd":false},{"ty":"fl","c":{"a":0,"k":[0.2,0.2,0.2,1],"ix":4},"o":{"a":0,"k":100,"ix":5},"r":1,"bm":0,"nm":"Fill 1","mn":"ADBE Vector Graphic - Fill","hd":false},{"ty":"tr","p":{"a":0,"k":[51.539,40.561],"ix":2},"a":{"a":0,"k":[0,0],"ix":1},"s":{"a":0,"k":[100,100],"ix":3},"r":{"a":0,"k":0,"ix":6},"o":{"a":0,"k":100,"ix":7},"sk":{"a":0,"k":0,"ix":4},"sa":{"a":0,"k":0,"ix":5},"nm":"Transform"}],"nm":"Group 9","np":4,"cix":2,"bm":0,"ix":9,"mn":"ADBE Vector Group","hd":false},{"ty":"gr","it":[{"ind":0,"ty":"sh","ix":1,"ks":{"a":0,"k":{"i":[[0.936,0],[0,-0.936],[-0.936,0],[0,0.936]],"o":[[-0.936,0],[0,0.936],[0.936,0],[0,-0.936]],"v":[[0,-1.695],[-1.695,0.001],[0,1.695],[1.695,0.001]],"c":true},"ix":2},"nm":"Path 1","mn":"ADBE Vector Shape - Group","hd":false},{"ty":"fl","c":{"a":0,"k":[0.2,0.2,0.2,1],"ix":4},"o":{"a":0,"k":100,"ix":5},"r":1,"bm":0,"nm":"Fill 1","mn":"ADBE Vector Graphic - Fill","hd":false},{"ty":"tr","p":{"a":0,"k":[62.259,48.117],"ix":2},"a":{"a":0,"k":[0,0],"ix":1},"s":{"a":0,"k":[100,100],"ix":3},"r":{"a":0,"k":0,"ix":6},"o":{"a":0,"k":100,"ix":7},"sk":{"a":0,"k":0,"ix":4},"sa":{"a":0,"k":0,"ix":5},"nm":"Transform"}],"nm":"Group 10","np":4,"cix":2,"bm":0,"ix":10,"mn":"ADBE Vector Group","hd":false},{"ty":"gr","it":[{"ind":0,"ty":"sh","ix":1,"ks":{"a":0,"k":{"i":[[0,-1.888],[1.889,0],[0,1.889],[-1.889,0]],"o":[[0,1.889],[-1.889,0],[0,-1.888],[1.889,0]],"v":[[3.421,0],[-0.001,3.42],[-3.421,0],[-0.001,-3.42]],"c":true},"ix":2},"nm":"Path 1","mn":"ADBE Vector Shape - Group","hd":false},{"ty":"fl","c":{"a":0,"k":[0.2,0.2,0.2,1],"ix":4},"o":{"a":0,"k":100,"ix":5},"r":1,"bm":0,"nm":"Fill 1","mn":"ADBE Vector Graphic - Fill","hd":false},{"ty":"tr","p":{"a":0,"k":[51.539,51.536],"ix":2},"a":{"a":0,"k":[0,0],"ix":1},"s":{"a":0,"k":[100,100],"ix":3},"r":{"a":0,"k":0,"ix":6},"o":{"a":0,"k":100,"ix":7},"sk":{"a":0,"k":0,"ix":4},"sa":{"a":0,"k":0,"ix":5},"nm":"Transform"}],"nm":"Group 11","np":4,"cix":2,"bm":0,"ix":11,"mn":"ADBE Vector Group","hd":false},{"ty":"gr","it":[{"ind":0,"ty":"sh","ix":1,"ks":{"a":0,"k":{"i":[[0,-4.666],[4.666,0],[0,4.666],[-4.666,0]],"o":[[0,4.666],[-4.666,0],[0,-4.666],[4.666,0]],"v":[[8.449,0],[0,8.449],[-8.449,0],[0,-8.449]],"c":true},"ix":2},"nm":"Path 1","mn":"ADBE Vector Shape - Group","hd":false},{"ty":"fl","c":{"a":0,"k":[0.8,0.8,0.8,1],"ix":4},"o":{"a":0,"k":100,"ix":5},"r":1,"bm":0,"nm":"Fill 1","mn":"ADBE Vector Graphic - Fill","hd":false},{"ty":"tr","p":{"a":0,"k":[51.54,51.536],"ix":2},"a":{"a":0,"k":[0,0],"ix":1},"s":{"a":0,"k":[100,100],"ix":3},"r":{"a":0,"k":0,"ix":6},"o":{"a":0,"k":100,"ix":7},"sk":{"a":0,"k":0,"ix":4},"sa":{"a":0,"k":0,"ix":5},"nm":"Transform"}],"nm":"Group 12","np":4,"cix":2,"bm":0,"ix":12,"mn":"ADBE Vector Group","hd":false},{"ty":"gr","it":[{"ind":0,"ty":"sh","ix":1,"ks":{"a":0,"k":{"i":[[11.37,0],[0,-11.371],[-11.371,0],[0,11.371]],"o":[[-11.371,0],[0,11.371],[11.37,0],[0,-11.371]],"v":[[0.001,-20.622],[-20.621,0],[0.001,20.622],[20.621,0]],"c":true},"ix":2},"nm":"Path 1","mn":"ADBE Vector Shape - Group","hd":false},{"ind":1,"ty":"sh","ix":2,"ks":{"a":0,"k":{"i":[[12.256,0],[0,12.257],[-12.257,0],[0,-12.257]],"o":[[-12.257,0],[0,-12.257],[12.256,0],[0,12.257]],"v":[[0.001,22.228],[-22.228,0],[0.001,-22.228],[22.228,0]],"c":true},"ix":2},"nm":"Path 2","mn":"ADBE Vector Shape - Group","hd":false},{"ty":"mm","mm":1,"nm":"Merge Paths 1","mn":"ADBE Vector Filter - Merge","hd":false},{"ty":"fl","c":{"a":0,"k":[1,1,1,1],"ix":4},"o":{"a":0,"k":100,"ix":5},"r":1,"bm":0,"nm":"Fill 1","mn":"ADBE Vector Graphic - Fill","hd":false},{"ty":"tr","p":{"a":0,"k":[51.539,51.535],"ix":2},"a":{"a":0,"k":[0,0],"ix":1},"s":{"a":0,"k":[100,100],"ix":3},"r":{"a":0,"k":0,"ix":6},"o":{"a":0,"k":100,"ix":7},"sk":{"a":0,"k":0,"ix":4},"sa":{"a":0,"k":0,"ix":5},"nm":"Transform"}],"nm":"Group 13","np":6,"cix":2,"bm":0,"ix":13,"mn":"ADBE Vector Group","hd":false},{"ty":"gr","it":[{"ind":0,"ty":"sh","ix":1,"ks":{"a":0,"k":{"i":[[0,-7.903],[7.902,0],[0,7.903],[-7.904,0]],"o":[[0,7.903],[-7.904,0],[0,-7.903],[7.902,0]],"v":[[14.31,0],[0.001,14.31],[-14.31,0],[0.001,-14.31]],"c":true},"ix":2},"nm":"Path 1","mn":"ADBE Vector Shape - Group","hd":false},{"ty":"fl","c":{"a":0,"k":[0.8,0.8,0.8,1],"ix":4},"o":{"a":0,"k":100,"ix":5},"r":1,"bm":0,"nm":"Fill 1","mn":"ADBE Vector Graphic - Fill","hd":false},{"ty":"tr","p":{"a":0,"k":[51.538,51.536],"ix":2},"a":{"a":0,"k":[0,0],"ix":1},"s":{"a":0,"k":[100,100],"ix":3},"r":{"a":0,"k":0,"ix":6},"o":{"a":0,"k":100,"ix":7},"sk":{"a":0,"k":0,"ix":4},"sa":{"a":0,"k":0,"ix":5},"nm":"Transform"}],"nm":"Group 14","np":4,"cix":2,"bm":0,"ix":14,"mn":"ADBE Vector Group","hd":false},{"ty":"gr","it":[{"ind":0,"ty":"sh","ix":1,"ks":{"a":0,"k":{"i":[[18.07,0],[0,-18.07],[-18.071,0],[0,18.07]],"o":[[-18.071,0],[0,18.07],[18.07,0],[0,-18.07]],"v":[[0.001,-32.772],[-32.772,0],[0.001,32.771],[32.772,0]],"c":true},"ix":2},"nm":"Path 1","mn":"ADBE Vector Shape - Group","hd":false},{"ind":1,"ty":"sh","ix":2,"ks":{"a":0,"k":{"i":[[19.841,0],[0,19.842],[-19.842,0],[0,-19.841]],"o":[[-19.842,0],[0,-19.841],[19.841,0],[0,19.842]],"v":[[0.001,35.983],[-35.984,0],[0.001,-35.983],[35.984,0]],"c":true},"ix":2},"nm":"Path 2","mn":"ADBE Vector Shape - Group","hd":false},{"ty":"mm","mm":1,"nm":"Merge Paths 1","mn":"ADBE Vector Filter - Merge","hd":false},{"ty":"fl","c":{"a":0,"k":[1,1,1,1],"ix":4},"o":{"a":0,"k":100,"ix":5},"r":1,"bm":0,"nm":"Fill 1","mn":"ADBE Vector Graphic - Fill","hd":false},{"ty":"tr","p":{"a":0,"k":[51.539,51.536],"ix":2},"a":{"a":0,"k":[0,0],"ix":1},"s":{"a":0,"k":[100,100],"ix":3},"r":{"a":0,"k":0,"ix":6},"o":{"a":0,"k":100,"ix":7},"sk":{"a":0,"k":0,"ix":4},"sa":{"a":0,"k":0,"ix":5},"nm":"Transform"}],"nm":"Group 15","np":6,"cix":2,"bm":0,"ix":15,"mn":"ADBE Vector Group","hd":false},{"ty":"gr","it":[{"ind":0,"ty":"sh","ix":1,"ks":{"a":0,"k":{"i":[[0,-27.838],[27.65,-0.771],[0,0],[0,14.7],[14.511,0.756],[0,0]],"o":[[0,27.841],[0,0],[14.511,-0.755],[0,-14.703],[0,0],[27.65,0.771]],"v":[[24.917,-0.004],[-24.917,51.267],[-24.917,27.463],[1.131,-0.001],[-24.917,-27.465],[-24.917,-51.267]],"c":true},"ix":2},"nm":"Path 1","mn":"ADBE Vector Shape - Group","hd":false},{"ty":"fl","c":{"a":0,"k":[0.298000021542,0.298000021542,0.298000021542,1],"ix":4},"o":{"a":0,"k":100,"ix":5},"r":1,"bm":0,"nm":"Fill 1","mn":"ADBE Vector Graphic - Fill","hd":false},{"ty":"tr","p":{"a":0,"k":[77.91,51.537],"ix":2},"a":{"a":0,"k":[0,0],"ix":1},"s":{"a":0,"k":[100,100],"ix":3},"r":{"a":0,"k":0,"ix":6},"o":{"a":0,"k":100,"ix":7},"sk":{"a":0,"k":0,"ix":4},"sa":{"a":0,"k":0,"ix":5},"nm":"Transform"}],"nm":"Group 16","np":4,"cix":2,"bm":0,"ix":16,"mn":"ADBE Vector Group","hd":false},{"ty":"gr","it":[{"ind":0,"ty":"sh","ix":1,"ks":{"a":0,"k":{"i":[[14.511,-0.755],[0.488,0],[0,15.188],[-15.19,0],[-0.481,-0.025],[0,-14.703]],"o":[[-0.481,0.025],[-15.19,0],[0,-15.19],[0.488,0],[14.511,0.756],[0,14.7]],"v":[[1.456,27.463],[0.001,27.501],[-27.504,-0.001],[0.001,-27.502],[1.456,-27.465],[27.504,-0.001]],"c":true},"ix":2},"nm":"Path 1","mn":"ADBE Vector Shape - Group","hd":false},{"ind":1,"ty":"sh","ix":2,"ks":{"a":0,"k":{"i":[[27.649,0.771],[0.485,0],[0,-28.323],[-28.326,0],[-0.485,0.012],[0,27.841]],"o":[[-0.485,-0.013],[-28.326,0],[0,28.326],[0.485,0],[27.649,-0.771],[0,-27.838]],"v":[[1.456,-51.268],[0.001,-51.286],[-51.288,-0.004],[0.001,51.286],[1.456,51.267],[51.288,-0.004]],"c":true},"ix":2},"nm":"Path 2","mn":"ADBE Vector Shape - Group","hd":false},{"ty":"mm","mm":1,"nm":"Merge Paths 1","mn":"ADBE Vector Filter - Merge","hd":false},{"ty":"fl","c":{"a":0,"k":[0.226999993418,0.226999993418,0.226999993418,1],"ix":4},"o":{"a":0,"k":100,"ix":5},"r":1,"bm":0,"nm":"Fill 1","mn":"ADBE Vector Graphic - Fill","hd":false},{"ty":"tr","p":{"a":0,"k":[51.538,51.537],"ix":2},"a":{"a":0,"k":[0,0],"ix":1},"s":{"a":0,"k":[100,100],"ix":3},"r":{"a":0,"k":0,"ix":6},"o":{"a":0,"k":100,"ix":7},"sk":{"a":0,"k":0,"ix":4},"sa":{"a":0,"k":0,"ix":5},"nm":"Transform"}],"nm":"Group 17","np":6,"cix":2,"bm":0,"ix":17,"mn":"ADBE Vector Group","hd":false}],"ip":0,"op":300,"st":0,"bm":0},{"ddd":0,"ind":3,"ty":4,"nm":"line 1","sr":1,"ks":{"o":{"a":0,"k":100,"ix":11},"r":{"a":0,"k":0,"ix":10},"p":{"a":1,"k":[{"i":{"x":0.667,"y":1},"o":{"x":0.333,"y":0},"t":0,"s":[206.668,594.974,0],"to":[-5,0,0],"ti":[-0.005,0,0]},{"i":{"x":0.667,"y":1},"o":{"x":0.333,"y":0},"t":30,"s":[176.668,594.974,0],"to":[0.005,0,0],"ti":[-5.005,0,0]},{"t":60,"s":[206.7,594.974,0]}],"ix":2,"l":2},"a":{"a":0,"k":[33.966,2,0],"ix":1,"l":2},"s":{"a":0,"k":[100,100,100],"ix":6,"l":2}},"ao":0,"shapes":[{"ty":"gr","it":[{"ind":0,"ty":"sh","ix":1,"ks":{"a":0,"k":{"i":[[0,0],[0,0]],"o":[[0,0],[0,0]],"v":[[65.932,2],[2,2]],"c":false},"ix":2},"nm":"Path 1","mn":"ADBE Vector Shape - Group","hd":false},{"ty":"st","c":{"a":0,"k":[0.144999994016,0.144999994016,0.144999994016,1],"ix":3},"o":{"a":0,"k":100,"ix":4},"w":{"a":0,"k":4,"ix":5},"lc":2,"lj":1,"ml":10,"bm":0,"nm":"Stroke 1","mn":"ADBE Vector Graphic - Stroke","hd":false},{"ty":"tr","p":{"a":0,"k":[0,0],"ix":2},"a":{"a":0,"k":[0,0],"ix":1},"s":{"a":0,"k":[100,100],"ix":3},"r":{"a":0,"k":0,"ix":6},"o":{"a":0,"k":100,"ix":7},"sk":{"a":0,"k":0,"ix":4},"sa":{"a":0,"k":0,"ix":5},"nm":"Transform"}],"nm":"Group 1","np":2,"cix":2,"bm":0,"ix":1,"mn":"ADBE Vector Group","hd":false},{"ty":"tm","s":{"a":0,"k":0,"ix":1},"e":{"a":0,"k":68,"ix":2},"o":{"a":1,"k":[{"i":{"x":[0.667],"y":[1]},"o":{"x":[0.333],"y":[0]},"t":0,"s":[31]},{"i":{"x":[0.667],"y":[1]},"o":{"x":[0.333],"y":[0]},"t":30,"s":[80]},{"t":60,"s":[31]}],"ix":3},"m":1,"ix":2,"nm":"Trim Paths 1","mn":"ADBE Vector Filter - Trim","hd":false}],"ip":0,"op":300,"st":0,"bm":0},{"ddd":0,"ind":4,"ty":4,"nm":"line 2","sr":1,"ks":{"o":{"a":0,"k":100,"ix":11},"r":{"a":0,"k":0,"ix":10},"p":{"a":1,"k":[{"i":{"x":0.667,"y":1},"o":{"x":0.333,"y":0},"t":0,"s":[173.43,475.098,0],"to":[-5.333,0,0],"ti":[0.005,0,0]},{"i":{"x":0.667,"y":1},"o":{"x":0.333,"y":0},"t":30,"s":[141.43,475.098,0],"to":[-0.005,0,0],"ti":[-5.328,0,0]},{"t":60,"s":[173.4,475.098,0]}],"ix":2,"l":2},"a":{"a":0,"k":[35.239,2,0],"ix":1,"l":2},"s":{"a":0,"k":[100,100,100],"ix":6,"l":2}},"ao":0,"shapes":[{"ty":"gr","it":[{"ind":0,"ty":"sh","ix":1,"ks":{"a":0,"k":{"i":[[0,0],[0,0]],"o":[[0,0],[0,0]],"v":[[68.477,2],[2,2]],"c":false},"ix":2},"nm":"Path 1","mn":"ADBE Vector Shape - Group","hd":false},{"ty":"st","c":{"a":0,"k":[0.144999994016,0.144999994016,0.144999994016,1],"ix":3},"o":{"a":0,"k":100,"ix":4},"w":{"a":0,"k":4,"ix":5},"lc":2,"lj":1,"ml":10,"bm":0,"nm":"Stroke 1","mn":"ADBE Vector Graphic - Stroke","hd":false},{"ty":"tr","p":{"a":0,"k":[0,0],"ix":2},"a":{"a":0,"k":[0,0],"ix":1},"s":{"a":0,"k":[100,100],"ix":3},"r":{"a":0,"k":0,"ix":6},"o":{"a":0,"k":100,"ix":7},"sk":{"a":0,"k":0,"ix":4},"sa":{"a":0,"k":0,"ix":5},"nm":"Transform"}],"nm":"Group 1","np":2,"cix":2,"bm":0,"ix":1,"mn":"ADBE Vector Group","hd":false},{"ty":"tm","s":{"a":0,"k":0,"ix":1},"e":{"a":0,"k":79,"ix":2},"o":{"a":1,"k":[{"i":{"x":[0.667],"y":[1]},"o":{"x":[0.333],"y":[0]},"t":0,"s":[31]},{"i":{"x":[0.667],"y":[1]},"o":{"x":[0.333],"y":[0]},"t":30,"s":[70]},{"t":60,"s":[31]}],"ix":3},"m":1,"ix":2,"nm":"Trim Paths 1","mn":"ADBE Vector Filter - Trim","hd":false}],"ip":0,"op":300,"st":0,"bm":0},{"ddd":0,"ind":5,"ty":4,"nm":"line 3","sr":1,"ks":{"o":{"a":0,"k":100,"ix":11},"r":{"a":0,"k":0,"ix":10},"p":{"a":1,"k":[{"i":{"x":0.667,"y":1},"o":{"x":0.333,"y":0},"t":0,"s":[238.741,430.619,0],"to":[-7,0,0],"ti":[0.007,0,0]},{"i":{"x":0.667,"y":1},"o":{"x":0.333,"y":0},"t":30,"s":[196.741,430.619,0],"to":[-0.007,0,0],"ti":[-6.993,0,0]},{"t":60,"s":[238.7,430.619,0]}],"ix":2,"l":2},"a":{"a":0,"k":[42.336,2,0],"ix":1,"l":2},"s":{"a":0,"k":[100,100,100],"ix":6,"l":2}},"ao":0,"shapes":[{"ty":"gr","it":[{"ind":0,"ty":"sh","ix":1,"ks":{"a":0,"k":{"i":[[0,0],[0,0]],"o":[[0,0],[0,0]],"v":[[82.672,2],[2,2]],"c":false},"ix":2},"nm":"Path 1","mn":"ADBE Vector Shape - Group","hd":false},{"ty":"st","c":{"a":0,"k":[0.144999994016,0.144999994016,0.144999994016,1],"ix":3},"o":{"a":0,"k":100,"ix":4},"w":{"a":0,"k":4,"ix":5},"lc":2,"lj":1,"ml":10,"bm":0,"nm":"Stroke 1","mn":"ADBE Vector Graphic - Stroke","hd":false},{"ty":"tr","p":{"a":0,"k":[0,0],"ix":2},"a":{"a":0,"k":[0,0],"ix":1},"s":{"a":0,"k":[100,100],"ix":3},"r":{"a":0,"k":0,"ix":6},"o":{"a":0,"k":100,"ix":7},"sk":{"a":0,"k":0,"ix":4},"sa":{"a":0,"k":0,"ix":5},"nm":"Transform"}],"nm":"Group 1","np":2,"cix":2,"bm":0,"ix":1,"mn":"ADBE Vector Group","hd":false},{"ty":"tm","s":{"a":0,"k":0,"ix":1},"e":{"a":0,"k":70,"ix":2},"o":{"a":1,"k":[{"i":{"x":[0.667],"y":[1]},"o":{"x":[0.333],"y":[0]},"t":0,"s":[31]},{"i":{"x":[0.667],"y":[1]},"o":{"x":[0.333],"y":[0]},"t":30,"s":[80]},{"t":60,"s":[31]}],"ix":3},"m":1,"ix":2,"nm":"Trim Paths 1","mn":"ADBE Vector Filter - Trim","hd":false}],"ip":0,"op":300,"st":0,"bm":0},{"ddd":0,"ind":6,"ty":4,"nm":"base","sr":1,"ks":{"o":{"a":0,"k":100,"ix":11},"r":{"a":0,"k":0,"ix":10},"p":{"a":0,"k":[546,660.762,0],"ix":2,"l":2},"a":{"a":0,"k":[418.915,3,0],"ix":1,"l":2},"s":{"a":0,"k":[100,100,100],"ix":6,"l":2}},"ao":0,"shapes":[{"ty":"gr","it":[{"ind":0,"ty":"sh","ix":1,"ks":{"a":0,"k":{"i":[[0,0],[0,0]],"o":[[0,0],[0,0]],"v":[[3,3],[834.83,3]],"c":false},"ix":2},"nm":"Path 1","mn":"ADBE Vector Shape - Group","hd":false},{"ty":"st","c":{"a":0,"k":[0.144999994016,0.144999994016,0.144999994016,1],"ix":3},"o":{"a":0,"k":100,"ix":4},"w":{"a":0,"k":6,"ix":5},"lc":2,"lj":1,"ml":10,"bm":0,"nm":"Stroke 1","mn":"ADBE Vector Graphic - Stroke","hd":false},{"ty":"tr","p":{"a":0,"k":[0,0],"ix":2},"a":{"a":0,"k":[0,0],"ix":1},"s":{"a":0,"k":[100,100],"ix":3},"r":{"a":0,"k":0,"ix":6},"o":{"a":0,"k":100,"ix":7},"sk":{"a":0,"k":0,"ix":4},"sa":{"a":0,"k":0,"ix":5},"nm":"Transform"}],"nm":"Group 1","np":2,"cix":2,"bm":0,"ix":1,"mn":"ADBE Vector Group","hd":false},{"ty":"tm","s":{"a":0,"k":0,"ix":1},"e":{"a":0,"k":80,"ix":2},"o":{"a":1,"k":[{"i":{"x":[0.667],"y":[1]},"o":{"x":[0.333],"y":[0]},"t":0,"s":[-185]},{"i":{"x":[0.667],"y":[1]},"o":{"x":[0.333],"y":[0]},"t":30,"s":[-210]},{"t":60,"s":[-185]}],"ix":3},"m":1,"ix":2,"nm":"Trim Paths 1","mn":"ADBE Vector Filter - Trim","hd":false}],"ip":0,"op":300,"st":0,"bm":0},{"ddd":0,"ind":7,"ty":4,"nm":"dust back","sr":1,"ks":{"o":{"a":0,"k":50,"ix":11},"r":{"a":0,"k":0,"ix":10},"p":{"a":0,"k":[327.709,663.744,0],"ix":2,"l":2},"a":{"a":0,"k":[104.032,38.827,0],"ix":1,"l":2},"s":{"a":1,"k":[{"i":{"x":[0.667,0.667,0.667],"y":[1,1,1]},"o":{"x":[0.333,0.333,0.333],"y":[0,0,0]},"t":0,"s":[50,50,100]},{"i":{"x":[0.667,0.667,0.667],"y":[1,1,1]},"o":{"x":[0.333,0.333,0.333],"y":[0,0,0]},"t":30,"s":[104,104,100]},{"t":60,"s":[50,50,100]}],"ix":6,"l":2}},"ao":0,"shapes":[{"ty":"gr","it":[{"ind":0,"ty":"sh","ix":1,"ks":{"a":0,"k":{"i":[[0,0],[14.694,3.088],[19.603,4.284],[9.802,-10.273],[0,0]],"o":[[0,0],[-14.695,-3.087],[-19.604,-4.283],[-9.801,10.272],[0,0]],"v":[[52.523,19.345],[20.98,-1.694],[-4.496,-1.694],[-42.723,-9.072],[-36.351,19.345]],"c":true},"ix":2},"nm":"Path 1","mn":"ADBE Vector Shape - Group","hd":false},{"ty":"fl","c":{"a":0,"k":[0.588000009574,0.588000009574,0.588000009574,1],"ix":4},"o":{"a":0,"k":100,"ix":5},"r":1,"bm":0,"nm":"Fill 1","mn":"ADBE Vector Graphic - Fill","hd":false},{"ty":"tr","p":{"a":0,"k":[52.773,19.595],"ix":2},"a":{"a":0,"k":[0,0],"ix":1},"s":{"a":0,"k":[100,100],"ix":3},"r":{"a":0,"k":0,"ix":6},"o":{"a":0,"k":100,"ix":7},"sk":{"a":0,"k":0,"ix":4},"sa":{"a":0,"k":0,"ix":5},"nm":"Transform"}],"nm":"Group 1","np":4,"cix":2,"bm":0,"ix":1,"mn":"ADBE Vector Group","hd":false}],"ip":0,"op":300,"st":0,"bm":0},{"ddd":0,"ind":8,"ty":4,"nm":"dust front","sr":1,"ks":{"o":{"a":0,"k":50,"ix":11},"r":{"a":0,"k":0,"ix":10},"p":{"a":0,"k":[736.622,663.763,0],"ix":2,"l":2},"a":{"a":0,"k":[136.722,33.902,0],"ix":1,"l":2},"s":{"a":1,"k":[{"i":{"x":[0.667,0.667,0.667],"y":[1,1,1]},"o":{"x":[0.333,0.333,0.333],"y":[0,0,0]},"t":0,"s":[60,60,100]},{"i":{"x":[0.667,0.667,0.667],"y":[1,1,1]},"o":{"x":[0.333,0.333,0.333],"y":[0,0,0]},"t":30,"s":[114,114,100]},{"t":60,"s":[60,60,100]}],"ix":6,"l":2}},"ao":0,"shapes":[{"ty":"gr","it":[{"ind":0,"ty":"sh","ix":1,"ks":{"a":0,"k":{"i":[[4.064,0.719],[21.962,0.465],[16.041,2.468],[8.946,-7.365],[0,0],[0,0]],"o":[[0,0],[-21.961,-0.466],[-16.04,-2.468],[-8.946,7.365],[0,0],[0,0]],"v":[[59.046,13.654],[15.958,-3.162],[-24.511,-11.883],[-58.443,-9.461],[-60.911,16.826],[67.388,16.795]],"c":true},"ix":2},"nm":"Path 1","mn":"ADBE Vector Shape - Group","hd":false},{"ty":"fl","c":{"a":0,"k":[0.588000009574,0.588000009574,0.588000009574,1],"ix":4},"o":{"a":0,"k":100,"ix":5},"r":1,"bm":0,"nm":"Fill 1","mn":"ADBE Vector Graphic - Fill","hd":false},{"ty":"tr","p":{"a":0,"k":[67.638,17.076],"ix":2},"a":{"a":0,"k":[0,0],"ix":1},"s":{"a":0,"k":[100,100],"ix":3},"r":{"a":0,"k":0,"ix":6},"o":{"a":0,"k":100,"ix":7},"sk":{"a":0,"k":0,"ix":4},"sa":{"a":0,"k":0,"ix":5},"nm":"Transform"}],"nm":"Group 1","np":4,"cix":2,"bm":0,"ix":1,"mn":"ADBE Vector Group","hd":false}],"ip":0,"op":300,"st":0,"bm":0},{"ddd":0,"ind":9,"ty":4,"nm":"car","sr":1,"ks":{"o":{"a":0,"k":100,"ix":11},"r":{"a":0,"k":0,"ix":10},"p":{"a":1,"k":[{"i":{"x":0.667,"y":1},"o":{"x":0.333,"y":0},"t":0,"s":[500.625,596.78,0],"to":[0,-1,0],"ti":[0,-0.003,0]},{"i":{"x":0.667,"y":1},"o":{"x":0.333,"y":0},"t":30,"s":[500.625,590.78,0],"to":[0,0.003,0],"ti":[0,-1.003,0]},{"t":60,"s":[500.625,596.8,0]}],"ix":2,"l":2},"a":{"a":0,"k":[259.657,174.288,0],"ix":1,"l":2},"s":{"a":0,"k":[100,100,100],"ix":6,"l":2}},"ao":0,"shapes":[{"ty":"gr","it":[{"ind":0,"ty":"sh","ix":1,"ks":{"a":0,"k":{"i":[[0.004,0.006],[0,0],[0.013,0.003],[26.214,14.341],[0.016,-0.016],[0,0],[0.021,0.015],[15.217,0],[0.03,-37.993],[0.03,0.002],[67.196,16.921],[0.006,0.014],[30.323,0],[13.695,-17.793],[0,0],[-9.322,16.975],[0.045,-0.028],[3.31,-1.393],[0.005,-0.01],[0,0],[0.003,-0.003],[0.521,-4.403],[-22.316,-10.841],[-0.008,-0.001],[0,0],[0.002,0.031],[0,1.511],[-33.507,0],[0,-33.504],[0.595,-3.412],[-0.031,-0.001],[0,0],[0,0],[0,0.029],[0,0],[-34.625,-1.483],[0,-32.619],[0,0],[-0.028,0],[-7.889,15.408],[-0.001,0.006],[4.507,22.409]],"o":[[0,0],[-0.007,-0.011],[-0.842,-0.184],[-0.021,-0.011],[0,0],[-0.018,0.018],[-11.418,-8.382],[-38.001,0],[0,0.029],[-3.693,-0.245],[-0.015,-0.004],[-11.746,-25.989],[-24.137,0],[0,0],[0,0],[0.025,-0.046],[-3.627,2.213],[-0.01,0.004],[0,0],[-0.002,0.004],[-3.136,3.135],[-1.849,15.604],[0.006,0.003],[0,0],[0.031,0.002],[-0.109,-1.484],[0,-33.504],[33.506,0],[0,3.583],[-0.005,0.03],[0,0],[0,0],[0.029,0],[0,0],[0,-34.657],[32.28,1.383],[0,0],[0,0.029],[9.339,-0.151],[0.003,-0.006],[0.048,-0.342],[-0.002,-0.007]],"v":[[299.863,-4.156],[294.576,-12.11],[294.545,-12.131],[239.046,-32.936],[238.984,-32.928],[231.783,-25.376],[231.716,-25.37],[191.007,-38.716],[122.056,30.178],[122.005,30.229],[-151.341,-0.447],[-151.375,-0.475],[-219.594,-44.602],[-278.917,-15.313],[-278.93,-15.315],[-279.021,-55.139],[-279.091,-55.206],[-289.592,-49.678],[-289.615,-49.657],[-295.059,-40.445],[-295.066,-40.435],[-300.709,-28.8],[-282.062,34.675],[-282.041,34.681],[-280.135,34.776],[-280.081,34.721],[-280.264,30.233],[-219.594,-30.435],[-158.925,30.233],[-159.849,40.734],[-159.801,40.793],[-156.161,40.976],[130.284,47.668],[130.336,47.616],[130.336,30.977],[193.648,-30.378],[251.676,30.233],[251.676,55.181],[251.726,55.233],[301.667,38.036],[301.672,38.023],[299.871,-4.136]],"c":true},"ix":2},"nm":"Path 1","mn":"ADBE Vector Shape - Group","hd":false},{"ty":"fl","c":{"a":0,"k":[0.187999994615,0.187999994615,0.187999994615,1],"ix":4},"o":{"a":0,"k":100,"ix":5},"r":1,"bm":0,"nm":"Fill 1","mn":"ADBE Vector Graphic - Fill","hd":false},{"ty":"tr","p":{"a":0,"k":[304.647,159.75],"ix":2},"a":{"a":0,"k":[0,0],"ix":1},"s":{"a":0,"k":[100,100],"ix":3},"r":{"a":0,"k":0,"ix":6},"o":{"a":0,"k":100,"ix":7},"sk":{"a":0,"k":0,"ix":4},"sa":{"a":0,"k":0,"ix":5},"nm":"Transform"}],"nm":"Group 1","np":4,"cix":2,"bm":0,"ix":1,"mn":"ADBE Vector Group","hd":false},{"ty":"gr","it":[{"ind":0,"ty":"sh","ix":1,"ks":{"a":0,"k":{"i":[[-7.896,15.444],[0,0],[0,0]],"o":[[-10.156,2.318],[0,0],[9.273,-0.147]],"v":[[24.998,-8.604],[-24.998,-5.575],[-24.998,8.604]],"c":true},"ix":2},"nm":"Path 1","mn":"ADBE Vector Shape - Group","hd":false},{"ty":"fl","c":{"a":0,"k":[0.125,0.128999986836,0.128999986836,1],"ix":4},"o":{"a":0,"k":100,"ix":5},"r":1,"bm":0,"nm":"Fill 1","mn":"ADBE Vector Graphic - Fill","hd":false},{"ty":"tr","p":{"a":0,"k":[581.32,206.381],"ix":2},"a":{"a":0,"k":[0,0],"ix":1},"s":{"a":0,"k":[100,100],"ix":3},"r":{"a":0,"k":0,"ix":6},"o":{"a":0,"k":100,"ix":7},"sk":{"a":0,"k":0,"ix":4},"sa":{"a":0,"k":0,"ix":5},"nm":"Transform"}],"nm":"Group 2","np":4,"cix":2,"bm":0,"ix":2,"mn":"ADBE Vector Group","hd":false},{"ty":"gr","it":[{"ind":0,"ty":"sh","ix":1,"ks":{"a":0,"k":{"i":[[0,0],[0,-1.147],[0.602,-3.43],[0,0],[0,0],[0,0],[0,0]],"o":[[0.063,1.133],[0,3.603],[0,0],[0,0],[0,0],[0,0],[0,0]],"v":[[-144.265,-10.427],[-144.164,-7.009],[-145.098,3.548],[-141.4,3.734],[145.098,10.427],[145.098,0.424],[-144.262,-10.427]],"c":true},"ix":2},"nm":"Path 1","mn":"ADBE Vector Shape - Group","hd":false},{"ty":"fl","c":{"a":0,"k":[0.125,0.128999986836,0.128999986836,1],"ix":4},"o":{"a":0,"k":100,"ix":5},"r":1,"bm":0,"nm":"Fill 1","mn":"ADBE Vector Graphic - Fill","hd":false},{"ty":"tr","p":{"a":0,"k":[289.886,196.993],"ix":2},"a":{"a":0,"k":[0,0],"ix":1},"s":{"a":0,"k":[100,100],"ix":3},"r":{"a":0,"k":0,"ix":6},"o":{"a":0,"k":100,"ix":7},"sk":{"a":0,"k":0,"ix":4},"sa":{"a":0,"k":0,"ix":5},"nm":"Transform"}],"nm":"Group 3","np":4,"cix":2,"bm":0,"ix":3,"mn":"ADBE Vector Group","hd":false},{"ty":"gr","it":[{"ind":0,"ty":"sh","ix":1,"ks":{"a":0,"k":{"i":[[0,0],[0,0],[-8.14,-3.951],[0,0],[0,1.531],[-0.869,4.085]],"o":[[0,0],[2.89,8.609],[0,0],[-0.111,-1.503],[0,-4.344],[0,0]],"v":[[9.535,-7.168],[-9.539,-10.048],[6.418,9.949],[8.392,10.048],[8.206,5.501],[9.539,-7.163]],"c":true},"ix":2},"nm":"Path 1","mn":"ADBE Vector Shape - Group","hd":false},{"ty":"fl","c":{"a":0,"k":[0.125,0.128999986836,0.128999986836,1],"ix":4},"o":{"a":0,"k":100,"ix":5},"r":1,"bm":0,"nm":"Fill 1","mn":"ADBE Vector Graphic - Fill","hd":false},{"ty":"tr","p":{"a":0,"k":[16.177,184.482],"ix":2},"a":{"a":0,"k":[0,0],"ix":1},"s":{"a":0,"k":[100,100],"ix":3},"r":{"a":0,"k":0,"ix":6},"o":{"a":0,"k":100,"ix":7},"sk":{"a":0,"k":0,"ix":4},"sa":{"a":0,"k":0,"ix":5},"nm":"Transform"}],"nm":"Group 4","np":4,"cix":2,"bm":0,"ix":4,"mn":"ADBE Vector Group","hd":false},{"ty":"gr","it":[{"ind":0,"ty":"sh","ix":1,"ks":{"a":0,"k":{"i":[[1.056,14.716],[13.899,0.536],[3.091,-12.965],[-29.363,6.266]],"o":[[-0.006,-0.005],[0,0],[0,0],[0,0]],"v":[[16.569,-11.61],[-1.183,-15.414],[-16.945,6.011],[16.123,13.805]],"c":true},"ix":2},"nm":"Path 1","mn":"ADBE Vector Shape - Group","hd":false},{"ty":"fl","c":{"a":0,"k":[0.388000009574,0.388000009574,0.388000009574,1],"ix":4},"o":{"a":0,"k":100,"ix":5},"r":1,"bm":0,"nm":"Fill 1","mn":"ADBE Vector Graphic - Fill","hd":false},{"ty":"tr","p":{"a":0,"k":[590.195,183.972],"ix":2},"a":{"a":0,"k":[0,0],"ix":1},"s":{"a":0,"k":[100,100],"ix":3},"r":{"a":0,"k":0,"ix":6},"o":{"a":0,"k":100,"ix":7},"sk":{"a":0,"k":0,"ix":4},"sa":{"a":0,"k":0,"ix":5},"nm":"Transform"}],"nm":"Group 5","np":4,"cix":2,"bm":0,"ix":5,"mn":"ADBE Vector Group","hd":false},{"ty":"gr","it":[{"ind":0,"ty":"sh","ix":1,"ks":{"a":0,"k":{"i":[[23.741,-3.857],[-1.61,-3.454],[0,0]],"o":[[0,0],[0,0],[-2.506,-5.099]],"v":[[-16.982,-2.499],[-15.317,3.9],[16.982,6.355]],"c":true},"ix":2},"nm":"Path 1","mn":"ADBE Vector Shape - Group","hd":false},{"ty":"fl","c":{"a":0,"k":[0.118000000598,0.118000000598,0.118000000598,1],"ix":4},"o":{"a":0,"k":100,"ix":5},"r":1,"bm":0,"nm":"Fill 1","mn":"ADBE Vector Graphic - Fill","hd":false},{"ty":"tr","p":{"a":0,"k":[283.517,98.447],"ix":2},"a":{"a":0,"k":[0,0],"ix":1},"s":{"a":0,"k":[100,100],"ix":3},"r":{"a":0,"k":0,"ix":6},"o":{"a":0,"k":100,"ix":7},"sk":{"a":0,"k":0,"ix":4},"sa":{"a":0,"k":0,"ix":5},"nm":"Transform"}],"nm":"Group 6","np":4,"cix":2,"bm":0,"ix":6,"mn":"ADBE Vector Group","hd":false},{"ty":"gr","it":[{"ind":0,"ty":"sh","ix":1,"ks":{"a":0,"k":{"i":[[34.434,-5.593],[-6.42,-5.108],[-10.944,-0.146],[0,0]],"o":[[0,0],[0,0],[0,0],[0,0]],"v":[[-17.582,-6.892],[-11.017,5.754],[15.249,7.944],[17.582,6.046]],"c":true},"ix":2},"nm":"Path 1","mn":"ADBE Vector Shape - Group","hd":false},{"ty":"fl","c":{"a":0,"k":[0,0,0,1],"ix":4},"o":{"a":0,"k":100,"ix":5},"r":1,"bm":0,"nm":"Fill 1","mn":"ADBE Vector Graphic - Fill","hd":false},{"ty":"tr","p":{"a":0,"k":[284.117,102.84],"ix":2},"a":{"a":0,"k":[0,0],"ix":1},"s":{"a":0,"k":[100,100],"ix":3},"r":{"a":0,"k":0,"ix":6},"o":{"a":0,"k":100,"ix":7},"sk":{"a":0,"k":0,"ix":4},"sa":{"a":0,"k":0,"ix":5},"nm":"Transform"}],"nm":"Group 7","np":4,"cix":2,"bm":0,"ix":7,"mn":"ADBE Vector Group","hd":false},{"ty":"gr","it":[{"ind":0,"ty":"sh","ix":1,"ks":{"a":0,"k":{"i":[[23.741,-3.857],[-1.61,-3.454],[0,0]],"o":[[0,0],[0,0],[-2.506,-5.099]],"v":[[-16.982,-2.499],[-15.317,3.9],[16.982,6.355]],"c":true},"ix":2},"nm":"Path 1","mn":"ADBE Vector Shape - Group","hd":false},{"ty":"fl","c":{"a":0,"k":[0.118000000598,0.118000000598,0.118000000598,1],"ix":4},"o":{"a":0,"k":100,"ix":5},"r":1,"bm":0,"nm":"Fill 1","mn":"ADBE Vector Graphic - Fill","hd":false},{"ty":"tr","p":{"a":0,"k":[131.878,91.719],"ix":2},"a":{"a":0,"k":[0,0],"ix":1},"s":{"a":0,"k":[100,100],"ix":3},"r":{"a":0,"k":0,"ix":6},"o":{"a":0,"k":100,"ix":7},"sk":{"a":0,"k":0,"ix":4},"sa":{"a":0,"k":0,"ix":5},"nm":"Transform"}],"nm":"Group 8","np":4,"cix":2,"bm":0,"ix":8,"mn":"ADBE Vector Group","hd":false},{"ty":"gr","it":[{"ind":0,"ty":"sh","ix":1,"ks":{"a":0,"k":{"i":[[34.434,-5.593],[-6.42,-5.108],[-10.944,-0.147],[0,0]],"o":[[0,0],[0,0],[0,0],[0,0]],"v":[[-17.583,-6.892],[-11.017,5.754],[15.248,7.944],[17.582,6.046]],"c":true},"ix":2},"nm":"Path 1","mn":"ADBE Vector Shape - Group","hd":false},{"ty":"fl","c":{"a":0,"k":[0,0,0,1],"ix":4},"o":{"a":0,"k":100,"ix":5},"r":1,"bm":0,"nm":"Fill 1","mn":"ADBE Vector Graphic - Fill","hd":false},{"ty":"tr","p":{"a":0,"k":[132.478,96.112],"ix":2},"a":{"a":0,"k":[0,0],"ix":1},"s":{"a":0,"k":[100,100],"ix":3},"r":{"a":0,"k":0,"ix":6},"o":{"a":0,"k":100,"ix":7},"sk":{"a":0,"k":0,"ix":4},"sa":{"a":0,"k":0,"ix":5},"nm":"Transform"}],"nm":"Group 9","np":4,"cix":2,"bm":0,"ix":9,"mn":"ADBE Vector Group","hd":false},{"ty":"gr","it":[{"ind":0,"ty":"sh","ix":1,"ks":{"a":0,"k":{"i":[[0,0],[0,0],[0,0],[0.522,2.865],[0,0],[0,0],[1.195,0.034],[0,0],[0,0],[0,0],[8.629,-68.205]],"o":[[0,0],[0,0],[8.459,-66.977],[0,0],[0,0],[-1.158,-0.034],[0,0],[0,0],[0,0],[0.092,0.479],[0,0]],"v":[[-2.142,98.258],[1.381,98.341],[1.381,85.851],[0.913,-31.948],[-1.604,-88.599],[-1.604,-98.24],[-5.135,-98.341],[-5.134,-88.521],[-2.611,-31.668],[-2.581,-31.414],[-2.137,85.518]],"c":true},"ix":2},"nm":"Path 1","mn":"ADBE Vector Shape - Group","hd":false},{"ty":"fl","c":{"a":0,"k":[0,0,0,1],"ix":4},"o":{"a":0,"k":100,"ix":5},"r":1,"bm":0,"nm":"Fill 1","mn":"ADBE Vector Graphic - Fill","hd":false},{"ty":"tr","p":{"a":0,"k":[254.521,104.895],"ix":2},"a":{"a":0,"k":[0,0],"ix":1},"s":{"a":0,"k":[100,100],"ix":3},"r":{"a":0,"k":0,"ix":6},"o":{"a":0,"k":100,"ix":7},"sk":{"a":0,"k":0,"ix":4},"sa":{"a":0,"k":0,"ix":5},"nm":"Transform"}],"nm":"Group 10","np":4,"cix":2,"bm":0,"ix":10,"mn":"ADBE Vector Group","hd":false},{"ty":"gr","it":[{"ind":0,"ty":"sh","ix":1,"ks":{"a":0,"k":{"i":[[0,0],[-1.203,-0.142],[0,0],[1.163,-0.536]],"o":[[1.148,0.14],[0,0],[-1.191,0.538],[0,0]],"v":[[-1.766,15.184],[1.766,15.608],[1.766,-15.608],[-1.766,-13.996]],"c":true},"ix":2},"nm":"Path 1","mn":"ADBE Vector Shape - Group","hd":false},{"ty":"fl","c":{"a":0,"k":[0.102000000898,0.102000000898,0.102000000898,1],"ix":4},"o":{"a":0,"k":100,"ix":5},"r":1,"bm":0,"nm":"Fill 1","mn":"ADBE Vector Graphic - Fill","hd":false},{"ty":"tr","p":{"a":0,"k":[129.386,45.71],"ix":2},"a":{"a":0,"k":[0,0],"ix":1},"s":{"a":0,"k":[100,100],"ix":3},"r":{"a":0,"k":0,"ix":6},"o":{"a":0,"k":100,"ix":7},"sk":{"a":0,"k":0,"ix":4},"sa":{"a":0,"k":0,"ix":5},"nm":"Transform"}],"nm":"Group 11","np":4,"cix":2,"bm":0,"ix":11,"mn":"ADBE Vector Group","hd":false},{"ty":"gr","it":[{"ind":0,"ty":"sh","ix":1,"ks":{"a":0,"k":{"i":[[39.105,0],[0,0],[0,0],[0.299,-0.02],[0.198,-0.062],[0.368,-0.196],[0,-0.962],[0,0],[-0.468,-0.485],[-56.877,-5.872],[-50.947,-4.3],[-0.869,-0.065],[-0.064,0],[-0.484,0.449],[0,0.724],[0,0],[0.77,0.475],[22.264,8.367],[0.608,0.133],[0.009,0.002]],"o":[[0,0],[0,0],[-35.729,0],[-0.207,0.014],[-25.753,8.119],[-0.848,0.453],[0,0],[0,0.674],[1.23,1.278],[29.706,3.067],[86.73,7.32],[0.065,0.005],[0.655,0],[0.531,-0.493],[0,0],[0,-0.905],[-39.712,-24.438],[-24.182,-9.086],[-0.009,-0.002],[-21.474,-4.486]],"v":[[-48.963,-39.221],[-48.963,-36.615],[-48.966,-39.221],[-114.977,-37.219],[-115.586,-37.104],[-178.434,-9.247],[-179.812,-6.949],[-179.812,3.333],[-179.083,5.138],[-119.117,14.219],[2.43,25.322],[177.013,39.214],[177.207,39.221],[178.979,38.526],[179.812,36.617],[179.812,30.141],[178.572,27.922],[81.719,-19.985],[42.359,-32.453],[42.332,-32.459]],"c":true},"ix":2},"nm":"Path 1","mn":"ADBE Vector Shape - Group","hd":false},{"ind":1,"ty":"sh","ix":2,"ks":{"a":0,"k":{"i":[[-36.051,0],[-25.259,-5.277],[-76.535,-47.099],[0,0],[7.065,7.338],[0,0],[-25.82,8.139]],"o":[[30.511,-0.001],[0,0],[0,0],[0,0],[0,0],[0,0],[0,0]],"v":[[-48.97,-36.615],[41.799,-29.91],[177.207,30.141],[177.207,36.617],[-177.207,3.333],[-177.207,-6.949],[-114.803,-34.62]],"c":true},"ix":2},"nm":"Path 2","mn":"ADBE Vector Shape - Group","hd":false},{"ty":"mm","mm":1,"nm":"Merge Paths 1","mn":"ADBE Vector Filter - Merge","hd":false},{"ty":"fl","c":{"a":0,"k":[0.102000000898,0.102000000898,0.102000000898,1],"ix":4},"o":{"a":0,"k":100,"ix":5},"r":1,"bm":0,"nm":"Fill 1","mn":"ADBE Vector Graphic - Fill","hd":false},{"ty":"tr","p":{"a":0,"k":[276.57,52.604],"ix":2},"a":{"a":0,"k":[0,0],"ix":1},"s":{"a":0,"k":[100,100],"ix":3},"r":{"a":0,"k":0,"ix":6},"o":{"a":0,"k":100,"ix":7},"sk":{"a":0,"k":0,"ix":4},"sa":{"a":0,"k":0,"ix":5},"nm":"Transform"}],"nm":"Group 12","np":6,"cix":2,"bm":0,"ix":12,"mn":"ADBE Vector Group","hd":false},{"ty":"gr","it":[{"ind":0,"ty":"sh","ix":1,"ks":{"a":0,"k":{"i":[[-3.88,-4.467],[0,0],[1.186,1.612],[15.672,0],[0.004,0],[10.315,0],[1.965,-2.691],[0,0]],"o":[[0,0],[18.85,-104.596],[-68.292,-46.378],[-1.233,0],[-11.225,-0.681],[-102.564,0],[0,0],[11.527,25.021]],"v":[[-84.118,84.217],[163.612,93.507],[159.865,-43.81],[-5.712,-92.535],[-7.6,-92.518],[-40.037,-93.544],[-171.41,-57.039],[-167.576,-23.798]],"c":true},"ix":2},"nm":"Path 1","mn":"ADBE Vector Shape - Group","hd":false},{"ind":1,"ty":"sh","ix":2,"ks":{"a":0,"k":{"i":[[0,0],[0,0],[0,0],[0,0],[11.76,25.685],[0,0],[0,0],[0,0],[-19.444,9.2],[-55.806,0],[-11.197,-0.681],[-1.211,0],[-68.593,-46.623],[0,0],[19.543,-107.933]],"o":[[0,0],[0,0],[0,0],[-0.72,-0.826],[0,0],[0,0],[0,0],[0.25,-0.383],[17.863,-8.45],[10.339,0],[0.002,-0.003],[15.739,0],[0,0],[0.968,1.211],[0,0]],"v":[[164.588,94.721],[164.077,94.703],[-84.671,85.374],[-84.839,85.182],[-168.686,-23.392],[-168.735,-23.569],[-172.63,-57.338],[-172.513,-57.516],[-146.714,-76.196],[-40.037,-94.721],[-7.582,-93.694],[-5.712,-93.713],[160.606,-44.728],[160.735,-44.61],[164.679,94.219]],"c":true},"ix":2},"nm":"Path 2","mn":"ADBE Vector Shape - Group","hd":false},{"ty":"mm","mm":1,"nm":"Merge Paths 1","mn":"ADBE Vector Filter - Merge","hd":false},{"ty":"fl","c":{"a":0,"k":[0,0,0,1],"ix":4},"o":{"a":0,"k":100,"ix":5},"r":1,"bm":0,"nm":"Fill 1","mn":"ADBE Vector Graphic - Fill","hd":false},{"ty":"tr","p":{"a":0,"k":[258.766,102.849],"ix":2},"a":{"a":0,"k":[0,0],"ix":1},"s":{"a":0,"k":[100,100],"ix":3},"r":{"a":0,"k":0,"ix":6},"o":{"a":0,"k":100,"ix":7},"sk":{"a":0,"k":0,"ix":4},"sa":{"a":0,"k":0,"ix":5},"nm":"Transform"}],"nm":"Group 13","np":6,"cix":2,"bm":0,"ix":13,"mn":"ADBE Vector Group","hd":false},{"ty":"gr","it":[{"ind":0,"ty":"sh","ix":1,"ks":{"a":0,"k":{"i":[[0,-2.884],[-1.677,-11.749],[0,0],[0,0],[0,0],[0,0]],"o":[[0,0],[19,-7.989],[0,0],[-14.129,-3.122],[0,0],[-2.399,1.6]],"v":[[-15.201,-8.932],[-22.336,20.027],[24.013,-13.195],[21.069,-16.905],[-10.165,-16.905],[-11.361,-16.108]],"c":true},"ix":2},"nm":"Path 1","mn":"ADBE Vector Shape - Group","hd":false},{"ty":"fl","c":{"a":0,"k":[0.827000038297,0.165000002992,0.165000002992,1],"ix":4},"o":{"a":0,"k":100,"ix":5},"r":1,"bm":0,"nm":"Fill 1","mn":"ADBE Vector Graphic - Fill","hd":false},{"ty":"tr","p":{"a":0,"k":[37.376,90.052],"ix":2},"a":{"a":0,"k":[0,0],"ix":1},"s":{"a":0,"k":[100,100],"ix":3},"r":{"a":0,"k":0,"ix":6},"o":{"a":0,"k":100,"ix":7},"sk":{"a":0,"k":0,"ix":4},"sa":{"a":0,"k":0,"ix":5},"nm":"Transform"}],"nm":"Group 14","np":4,"cix":2,"bm":0,"ix":14,"mn":"ADBE Vector Group","hd":false},{"ty":"gr","it":[{"ind":0,"ty":"sh","ix":1,"ks":{"a":0,"k":{"i":[[-39.87,-20.087],[-1.855,-12.981],[28.993,26.41]],"o":[[0,0],[0,0],[0,0]],"v":[[27.227,-3.4],[39.589,23.487],[-39.589,-13.771]],"c":true},"ix":2},"nm":"Path 1","mn":"ADBE Vector Shape - Group","hd":false},{"ty":"fl","c":{"a":0,"k":[1,1,1,1],"ix":4},"o":{"a":0,"k":100,"ix":5},"r":1,"bm":0,"nm":"Fill 1","mn":"ADBE Vector Graphic - Fill","hd":false},{"ty":"tr","p":{"a":0,"k":[559.622,124.136],"ix":2},"a":{"a":0,"k":[0,0],"ix":1},"s":{"a":0,"k":[100,100],"ix":3},"r":{"a":0,"k":0,"ix":6},"o":{"a":0,"k":100,"ix":7},"sk":{"a":0,"k":0,"ix":4},"sa":{"a":0,"k":0,"ix":5},"nm":"Transform"}],"nm":"Group 15","np":4,"cix":2,"bm":0,"ix":15,"mn":"ADBE Vector Group","hd":false},{"ty":"gr","it":[{"ind":0,"ty":"sh","ix":1,"ks":{"a":0,"k":{"i":[[0.006,-0.01],[0,0],[0.003,-0.003],[0.521,-4.388],[-22.335,-10.85],[-0.007,0],[0,0],[0.002,0.03],[0,1.511],[-33.507,0],[0,-33.505],[0.595,-3.412],[-0.031,-0.002],[0,0],[0,0],[0,0.029],[0,0],[-34.64,-1.308],[0,-32.725],[0,0],[-0.029,0],[-7.885,15.412],[-0.001,0.003],[15.637,30.909],[0.025,-0.025],[0,0],[0.02,0.018],[0,0],[0,0],[6.021,-0.376],[0,-2.649],[0.004,-0.007],[-1.642,-11.58]],"o":[[0,0],[-0.002,0.003],[-3.125,3.124],[-1.85,15.582],[0.006,0.003],[0,0],[0.031,0.001],[-0.11,-1.484],[0,-33.505],[33.506,0],[0,3.583],[-0.005,0.031],[0,0],[0,0],[0.028,0.001],[0,0],[0,-34.664],[32.426,1.224],[0,0],[0,0.029],[9.34,-0.152],[0.002,-0.003],[0.044,-0.315],[-0.016,-0.031],[0,0],[-0.02,0.019],[-14.766,-13.296],[-3.89,-1.612],[-16.789,-1.443],[-2.644,0.166],[0,0.008],[-0.245,0.483],[0.002,0.011]],"v":[[-290.817,-35.105],[-296.26,-25.893],[-296.268,-25.883],[-301.906,-14.289],[-283.263,49.227],[-283.243,49.232],[-281.336,49.328],[-281.282,49.273],[-281.466,44.785],[-220.795,-15.884],[-160.126,44.785],[-161.05,55.285],[-161.002,55.345],[-157.362,55.527],[129.083,62.219],[129.135,62.168],[129.135,45.368],[192.135,-15.84],[250.475,44.785],[250.475,69.733],[250.526,69.785],[300.469,52.583],[300.472,52.577],[289.96,-15.412],[289.877,-15.425],[287.869,-13.416],[287.798,-13.414],[214.187,-34.834],[-244.46,-68.342],[-278.973,-69.102],[-283.673,-64.092],[-283.679,-64.069],[-290.811,-35.137]],"c":true},"ix":2},"nm":"Path 1","mn":"ADBE Vector Shape - Group","hd":false},{"ty":"fl","c":{"a":0,"k":[0.145999998205,0.145999998205,0.145999998205,1],"ix":4},"o":{"a":0,"k":100,"ix":5},"r":1,"bm":0,"nm":"Fill 1","mn":"ADBE Vector Graphic - Fill","hd":false},{"ty":"tr","p":{"a":0,"k":[305.848,145.199],"ix":2},"a":{"a":0,"k":[0,0],"ix":1},"s":{"a":0,"k":[100,100],"ix":3},"r":{"a":0,"k":0,"ix":6},"o":{"a":0,"k":100,"ix":7},"sk":{"a":0,"k":0,"ix":4},"sa":{"a":0,"k":0,"ix":5},"nm":"Transform"}],"nm":"Group 16","np":4,"cix":2,"bm":0,"ix":16,"mn":"ADBE Vector Group","hd":false},{"ty":"gr","it":[{"ind":0,"ty":"sh","ix":1,"ks":{"a":0,"k":{"i":[[0,0],[0,0],[0,0],[16.765,7.994]],"o":[[31.987,2.492],[0,0],[-19.865,-12.224],[0,0]],"v":[[-25.509,14.234],[27.65,18.307],[27.65,11.831],[-27.65,-18.307]],"c":true},"ix":2},"nm":"Path 1","mn":"ADBE Vector Shape - Group","hd":false},{"ty":"fl","c":{"a":0,"k":[0.2,0.2,0.2,1],"ix":4},"o":{"a":0,"k":100,"ix":5},"r":1,"bm":0,"nm":"Fill 1","mn":"ADBE Vector Graphic - Fill","hd":false},{"ty":"tr","p":{"a":0,"k":[426.127,70.914],"ix":2},"a":{"a":0,"k":[0,0],"ix":1},"s":{"a":0,"k":[100,100],"ix":3},"r":{"a":0,"k":0,"ix":6},"o":{"a":0,"k":100,"ix":7},"sk":{"a":0,"k":0,"ix":4},"sa":{"a":0,"k":0,"ix":5},"nm":"Transform"}],"nm":"Group 17","np":4,"cix":2,"bm":0,"ix":17,"mn":"ADBE Vector Group","hd":false},{"ty":"gr","it":[{"ind":0,"ty":"sh","ix":1,"ks":{"a":0,"k":{"i":[[0,0],[0,0],[8.817,0.092],[0,0],[-10.753,-0.912]],"o":[[0,0],[-8.972,-0.415],[0,0],[10.559,0.924],[0,0]],"v":[[9.127,-28.598],[9.127,-28.598],[-17.714,-29.331],[-14.331,26.572],[17.714,29.331]],"c":true},"ix":2},"nm":"Path 1","mn":"ADBE Vector Shape - Group","hd":false},{"ty":"fl","c":{"a":0,"k":[0.2,0.2,0.2,1],"ix":4},"o":{"a":0,"k":100,"ix":5},"r":1,"bm":0,"nm":"Fill 1","mn":"ADBE Vector Graphic - Fill","hd":false},{"ty":"tr","p":{"a":0,"k":[255.154,45.463],"ix":2},"a":{"a":0,"k":[0,0],"ix":1},"s":{"a":0,"k":[100,100],"ix":3},"r":{"a":0,"k":0,"ix":6},"o":{"a":0,"k":100,"ix":7},"sk":{"a":0,"k":0,"ix":4},"sa":{"a":0,"k":0,"ix":5},"nm":"Transform"}],"nm":"Group 18","np":4,"cix":2,"bm":0,"ix":18,"mn":"ADBE Vector Group","hd":false},{"ty":"gr","it":[{"ind":0,"ty":"sh","ix":1,"ks":{"a":0,"k":{"i":[[-17.923,5.65],[-55.106,-11.513],[-65.509,-36.589],[0,0],[0,0],[0,0],[0,0],[0,0],[0,0],[-9.699,-1.364]],"o":[[0,0],[0,0],[9.23,0.702],[0,0],[-76.535,-47.098],[-55.106,-11.513],[-25.82,8.14],[0,0],[0.859,0.893],[12.46,-6.285]],"v":[[-107.255,-13.908],[49.347,-9.197],[162.714,37.925],[177.207,39.02],[177.207,32.544],[41.799,-27.507],[-114.803,-32.216],[-177.207,-4.546],[-177.207,5.736],[-160.737,9.163]],"c":true},"ix":2},"nm":"Path 1","mn":"ADBE Vector Shape - Group","hd":false},{"ty":"fl","c":{"a":0,"k":[0.102000000898,0.102000000898,0.102000000898,1],"ix":4},"o":{"a":0,"k":100,"ix":5},"r":1,"bm":0,"nm":"Fill 1","mn":"ADBE Vector Graphic - Fill","hd":false},{"ty":"tr","p":{"a":0,"k":[276.57,50.201],"ix":2},"a":{"a":0,"k":[0,0],"ix":1},"s":{"a":0,"k":[100,100],"ix":3},"r":{"a":0,"k":0,"ix":6},"o":{"a":0,"k":100,"ix":7},"sk":{"a":0,"k":0,"ix":4},"sa":{"a":0,"k":0,"ix":5},"nm":"Transform"}],"nm":"Group 19","np":4,"cix":2,"bm":0,"ix":19,"mn":"ADBE Vector Group","hd":false},{"ty":"gr","it":[{"ind":0,"ty":"sh","ix":1,"ks":{"a":0,"k":{"i":[[0,0],[0,0],[0,0],[0,0],[0,0],[0,0],[0,0],[0,0],[0,0],[0,0],[0,0],[0,0]],"o":[[0,0],[0,0],[0,0],[0,0],[0,0],[0,0],[0,0],[0,0],[0,0],[0,0],[0,0],[0,0]],"v":[[259.836,49.701],[138.496,45.519],[-150.952,36.812],[-271.917,36.812],[-280.31,1.998],[-245.813,-39.045],[-123.601,-49.701],[76.948,-29.898],[157.289,-36.058],[233.543,-39.381],[276.763,-2.111],[280.31,23.817]],"c":true},"ix":2},"nm":"Path 1","mn":"ADBE Vector Shape - Group","hd":false},{"ty":"fl","c":{"a":0,"k":[0.102000000898,0.102000000898,0.102000000898,1],"ix":4},"o":{"a":0,"k":100,"ix":5},"r":1,"bm":0,"nm":"Fill 1","mn":"ADBE Vector Graphic - Fill","hd":false},{"ty":"tr","p":{"a":0,"k":[296.487,157.718],"ix":2},"a":{"a":0,"k":[0,0],"ix":1},"s":{"a":0,"k":[100,100],"ix":3},"r":{"a":0,"k":0,"ix":6},"o":{"a":0,"k":100,"ix":7},"sk":{"a":0,"k":0,"ix":4},"sa":{"a":0,"k":0,"ix":5},"nm":"Transform"}],"nm":"Group 20","np":4,"cix":2,"bm":0,"ix":20,"mn":"ADBE Vector Group","hd":false},{"ty":"gr","it":[{"ind":0,"ty":"sh","ix":1,"ks":{"a":0,"k":{"i":[[0,0],[0,0],[8.817,0.093],[0,0],[-10.753,-0.929]],"o":[[0,0],[-8.972,-0.422],[0,0],[10.559,0.941],[0,0]],"v":[[9.127,-29.126],[9.127,-29.126],[-17.714,-29.871],[-14.331,27.061],[17.714,29.871]],"c":true},"ix":2},"nm":"Path 1","mn":"ADBE Vector Shape - Group","hd":false},{"ty":"fl","c":{"a":0,"k":[0.102000000898,0.102000000898,0.102000000898,1],"ix":4},"o":{"a":0,"k":100,"ix":5},"r":1,"bm":0,"nm":"Fill 1","mn":"ADBE Vector Graphic - Fill","hd":false},{"ty":"tr","p":{"a":0,"k":[266.534,46.433],"ix":2},"a":{"a":0,"k":[0,0],"ix":1},"s":{"a":0,"k":[100,100],"ix":3},"r":{"a":0,"k":0,"ix":6},"o":{"a":0,"k":100,"ix":7},"sk":{"a":0,"k":0,"ix":4},"sa":{"a":0,"k":0,"ix":5},"nm":"Transform"}],"nm":"Group 21","np":4,"cix":2,"bm":0,"ix":21,"mn":"ADBE Vector Group","hd":false},{"ty":"gr","it":[{"ind":0,"ty":"sh","ix":1,"ks":{"a":0,"k":{"i":[[-76.535,-47.098],[0,0],[7.065,7.339],[0,0],[-25.82,8.14],[-55.106,-11.513]],"o":[[0,0],[0,0],[0,0],[0,0],[0,0],[0,0]],"v":[[177.207,32.543],[177.207,39.02],[-177.207,5.736],[-177.207,-4.546],[-114.803,-32.216],[41.799,-27.507]],"c":true},"ix":2},"nm":"Path 1","mn":"ADBE Vector Shape - Group","hd":false},{"ty":"fl","c":{"a":0,"k":[1,1,1,1],"ix":4},"o":{"a":0,"k":100,"ix":5},"r":1,"bm":0,"nm":"Fill 1","mn":"ADBE Vector Graphic - Fill","hd":false},{"ty":"tr","p":{"a":0,"k":[276.569,50.201],"ix":2},"a":{"a":0,"k":[0,0],"ix":1},"s":{"a":0,"k":[100,100],"ix":3},"r":{"a":0,"k":0,"ix":6},"o":{"a":0,"k":100,"ix":7},"sk":{"a":0,"k":0,"ix":4},"sa":{"a":0,"k":0,"ix":5},"nm":"Transform"}],"nm":"Group 22","np":4,"cix":2,"bm":0,"ix":22,"mn":"ADBE Vector Group","hd":false},{"ty":"gr","it":[{"ind":0,"ty":"sh","ix":1,"ks":{"a":0,"k":{"i":[[30.631,32.31],[40.694,5.034],[26.435,13.427],[55.811,0],[50.784,-12.989],[0.599,-0.532],[-1.016,-2.032],[0,0],[-1.102,-0.17],[0,0],[0.041,-0.025],[15.967,-8.726],[4.2,-6.786],[0.541,-1.509],[0.008,-0.006],[0.634,-0.422],[0,-2.875],[0.004,-0.007],[-1.643,-11.58],[0.005,-0.01],[0,0],[0.003,-0.003],[0.521,-4.388],[-22.334,-10.85],[-0.007,0],[0,0],[0.003,0.031],[0,1.511],[-33.507,0],[0,-33.505],[0.595,-3.412],[-0.03,-0.002],[0,0],[0,0],[0,0.029],[0,0],[-34.639,-1.308],[0,-32.725],[0,0],[-0.029,0],[-7.882,15.416]],"o":[[-0.028,-0.013],[-0.003,-0.001],[0,0],[0,0],[-0.776,0.199],[-1.698,1.51],[0,0],[0.499,0.997],[0,0],[0.048,0.007],[-2.076,1.282],[-7.003,3.827],[-1.202,1.943],[-0.003,0.01],[-0.081,0.053],[-2.393,1.596],[0,0.008],[-0.246,0.483],[0.002,0.011],[0,0],[-0.002,0.003],[-3.125,3.125],[-1.851,15.582],[0.007,0.003],[0,0],[0.03,0.001],[-0.109,-1.484],[0,-33.505],[33.506,0],[0,3.583],[-0.006,0.031],[0,0],[0,0],[0.029,0.001],[0,0],[0,-34.665],[32.427,1.224],[0,0],[0,0.029],[9.341,-0.152],[0.001,-0.007]],"v":[[276.179,4.135],[176.72,-29.019],[125.943,-49.584],[-16.313,-99.523],[-221.169,-94.378],[-223.258,-93.266],[-224.414,-87.262],[-224.414,-87.261],[-221.861,-85.4],[-212.846,-84.014],[-212.825,-83.92],[-259.963,-55.967],[-277.091,-39.805],[-279.844,-34.485],[-279.861,-34.462],[-281.055,-33.667],[-284.886,-26.51],[-284.891,-26.487],[-292.023,2.445],[-292.029,2.477],[-297.472,11.689],[-297.48,11.699],[-303.118,23.293],[-284.476,86.809],[-284.455,86.814],[-282.548,86.91],[-282.495,86.855],[-282.678,82.367],[-222.008,21.698],[-161.339,82.367],[-162.262,92.867],[-162.215,92.927],[-158.574,93.109],[127.87,99.801],[127.923,99.75],[127.923,82.951],[190.922,21.742],[249.263,82.367],[249.263,107.315],[249.313,107.367],[299.258,90.161]],"c":true},"ix":2},"nm":"Path 1","mn":"ADBE Vector Shape - Group","hd":false},{"ty":"fl","c":{"a":0,"k":[0.187999994615,0.187999994615,0.187999994615,1],"ix":4},"o":{"a":0,"k":100,"ix":5},"r":1,"bm":0,"nm":"Fill 1","mn":"ADBE Vector Graphic - Fill","hd":false},{"ty":"tr","p":{"a":0,"k":[307.06,107.617],"ix":2},"a":{"a":0,"k":[0,0],"ix":1},"s":{"a":0,"k":[100,100],"ix":3},"r":{"a":0,"k":0,"ix":6},"o":{"a":0,"k":100,"ix":7},"sk":{"a":0,"k":0,"ix":4},"sa":{"a":0,"k":0,"ix":5},"nm":"Transform"}],"nm":"Group 23","np":4,"cix":2,"bm":0,"ix":23,"mn":"ADBE Vector Group","hd":false},{"ty":"gr","it":[{"ind":0,"ty":"sh","ix":1,"ks":{"a":0,"k":{"i":[[0,0],[16.35,-16.271],[0,0]],"o":[[0,0],[9.652,-3.776],[0,0]],"v":[[16.995,-16.995],[-27.906,16.995],[27.906,-15.317]],"c":true},"ix":2},"nm":"Path 1","mn":"ADBE Vector Shape - Group","hd":false},{"ty":"fl","c":{"a":0,"k":[1,1,1,1],"ix":4},"o":{"a":0,"k":100,"ix":5},"r":1,"bm":0,"nm":"Fill 1","mn":"ADBE Vector Graphic - Fill","hd":false},{"ty":"tr","p":{"a":0,"k":[66.447,38.942],"ix":2},"a":{"a":0,"k":[0,0],"ix":1},"s":{"a":0,"k":[100,100],"ix":3},"r":{"a":0,"k":0,"ix":6},"o":{"a":0,"k":100,"ix":7},"sk":{"a":0,"k":0,"ix":4},"sa":{"a":0,"k":0,"ix":5},"nm":"Transform"}],"nm":"Group 24","np":4,"cix":2,"bm":0,"ix":24,"mn":"ADBE Vector Group","hd":false},{"ty":"gr","it":[{"ind":0,"ty":"sh","ix":1,"ks":{"a":0,"k":{"i":[[0,0],[-2.573,0],[-2.315,0.778],[0,0],[3.531,0],[3.102,1.213]],"o":[[2.316,0.779],[2.576,0],[0,0],[-3.102,1.213],[-3.531,0],[0,0]],"v":[[-7.36,21.972],[-0.001,23.191],[7.359,21.973],[10.006,25.617],[0,27.503],[-10.007,25.617]],"c":true},"ix":2},"nm":"Path 1","mn":"ADBE Vector Shape - Group","hd":false},{"ind":1,"ty":"sh","ix":2,"ks":{"a":0,"k":{"i":[[1.667,1.564],[0,0],[-2.047,-1.069],[0,0]],"o":[[0,0],[1.632,1.605],[0,0],[-2.017,-1.113]],"v":[[-18.81,20.054],[-16.245,16.524],[-10.697,20.555],[-13.266,24.093]],"c":true},"ix":2},"nm":"Path 2","mn":"ADBE Vector Shape - Group","hd":false},{"ind":2,"ty":"sh","ix":3,"ks":{"a":0,"k":{"i":[[-0.031,0.53],[0,0],[0,-0.071],[-2.862,-3.856],[0,0],[0,6.617]],"o":[[0,0],[-0.001,0.071],[0,5.162],[0,0],[-3.894,-4.745],[0,-0.538]],"v":[[-27.453,-1.601],[-23.18,-0.213],[-23.191,-0.001],[-18.614,13.774],[-21.271,17.432],[-27.503,-0.001]],"c":true},"ix":2},"nm":"Path 3","mn":"ADBE Vector Shape - Group","hd":false},{"ind":3,"ty":"sh","ix":4,"ks":{"a":0,"k":{"i":[[0,0],[0.384,-2.306],[0,0],[-0.964,2.048]],"o":[[-1.015,2.025],[0,0],[0.436,-2.288],[0,0]],"v":[[-20.728,-10.34],[-22.849,-3.821],[-27.011,-5.171],[-24.895,-11.695]],"c":true},"ix":2},"nm":"Path 4","mn":"ADBE Vector Shape - Group","hd":false},{"ind":4,"ty":"sh","ix":5,"ks":{"a":0,"k":{"i":[[-6.763,1.764],[0,0],[2.897,-4.05],[0,0]],"o":[[0,0],[-4.848,1.531],[0,0],[3.681,-5.73]],"v":[[-6.962,-26.611],[-6.962,-22.122],[-18.859,-13.447],[-23.149,-14.842]],"c":true},"ix":2},"nm":"Path 5","mn":"ADBE Vector Shape - Group","hd":false},{"ind":5,"ty":"sh","ix":6,"ks":{"a":0,"k":{"i":[[0,0],[1.168,0],[1.122,-0.168],[0,0],[-1.162,0],[-1.123,-0.141]],"o":[[-1.122,-0.168],[-1.167,0],[0,0],[1.125,-0.141],[1.163,0],[0,0]],"v":[[3.428,-22.908],[-0.001,-23.192],[-3.43,-22.908],[-3.43,-27.282],[0,-27.502],[3.428,-27.282]],"c":true},"ix":2},"nm":"Path 6","mn":"ADBE Vector Shape - Group","hd":false},{"ind":6,"ty":"sh","ix":7,"ks":{"a":0,"k":{"i":[[0,0],[1.196,1.919],[0,0],[-0.323,-2.327]],"o":[[-0.17,-2.384],[0,0],[1.067,1.995],[0,0]],"v":[[14.257,-1.028],[12.139,-7.55],[17.341,-9.24],[19.448,-2.715]],"c":true},"ix":2},"nm":"Path 7","mn":"ADBE Vector Shape - Group","hd":false},{"ind":7,"ty":"sh","ix":8,"ks":{"a":0,"k":{"i":[[0,0],[-0.223,1.14],[0,0],[1.872,-2.847]],"o":[[0.477,-1.027],[0,0],[-0.174,3.613],[0,0]],"v":[[12.972,6.012],[14.039,2.758],[19.61,0.947],[16.428,10.768]],"c":true},"ix":2},"nm":"Path 8","mn":"ADBE Vector Shape - Group","hd":false},{"ind":8,"ty":"sh","ix":9,"ks":{"a":0,"k":{"i":[[0,0],[-0.579,0],[-0.561,0.066],[0,0],[1.789,0],[1.646,0.449]],"o":[[0.562,0.066],[0.581,0],[0,0],[-1.648,0.449],[-1.788,0],[0,0]],"v":[[-1.712,14.199],[-0.001,14.309],[1.71,14.199],[5.161,18.947],[-0.001,19.658],[-5.161,18.947]],"c":true},"ix":2},"nm":"Path 9","mn":"ADBE Vector Shape - Group","hd":false},{"ind":9,"ty":"sh","ix":10,"ks":{"a":0,"k":{"i":[[0,0],[-2.164,-0.881],[0,0],[1.592,1.651]],"o":[[1.484,1.758],[0,0],[-2.082,-1.016],[0,0]],"v":[[-10.937,9.218],[-5.39,13.251],[-8.589,17.654],[-14.14,13.624]],"c":true},"ix":2},"nm":"Path 10","mn":"ADBE Vector Shape - Group","hd":false},{"ind":10,"ty":"sh","ix":11,"ks":{"a":0,"k":{"i":[[0,0],[-0.476,-1.027],[0,0],[0.173,3.612]],"o":[[0.223,1.14],[0,0],[-1.873,-2.847],[0,0]],"v":[[-14.038,2.757],[-12.974,6.011],[-16.428,10.768],[-19.611,0.947]],"c":true},"ix":2},"nm":"Path 11","mn":"ADBE Vector Shape - Group","hd":false},{"ind":11,"ty":"sh","ix":12,"ks":{"a":0,"k":{"i":[[0,0],[0.17,-2.384],[0,0],[-1.067,1.995]],"o":[[-1.197,1.919],[0,0],[0.325,-2.327],[0,0]],"v":[[-12.14,-7.55],[-14.259,-1.028],[-19.45,-2.715],[-17.342,-9.24]],"c":true},"ix":2},"nm":"Path 12","mn":"ADBE Vector Shape - Group","hd":false},{"ind":12,"ty":"sh","ix":13,"ks":{"a":0,"k":{"i":[[0,0],[0.835,-0.775],[0,0],[-3.298,1.255]],"o":[[-1.003,0.56],[0,0],[2.176,-2.705],[0,0]],"v":[[-6.962,-12.498],[-9.722,-10.48],[-15.315,-12.296],[-6.962,-18.363]],"c":true},"ix":2},"nm":"Path 13","mn":"ADBE Vector Shape - Group","hd":false},{"ind":13,"ty":"sh","ix":14,"ks":{"a":0,"k":{"i":[[0,0],[1.184,0],[1.102,-0.271],[0,0],[-1.171,0],[-1.115,-0.198]],"o":[[-1.099,-0.271],[-1.184,0],[0,0],[1.117,-0.198],[1.173,0],[0,0]],"v":[[3.428,-13.88],[-0.001,-14.311],[-3.43,-13.88],[-3.43,-19.339],[-0.001,-19.66],[3.428,-19.339]],"c":true},"ix":2},"nm":"Path 14","mn":"ADBE Vector Shape - Group","hd":false},{"ind":14,"ty":"sh","ix":15,"ks":{"a":0,"k":{"i":[[0,0],[1.004,0.56],[0,0],[-2.176,-2.706]],"o":[[-0.836,-0.777],[0,0],[3.3,1.256],[0,0]],"v":[[9.722,-10.479],[6.96,-12.498],[6.96,-18.363],[15.315,-12.295]],"c":true},"ix":2},"nm":"Path 15","mn":"ADBE Vector Shape - Group","hd":false},{"ind":15,"ty":"sh","ix":16,"ks":{"a":0,"k":{"i":[[2.081,-1.016],[0,0],[-1.485,1.759],[0,0]],"o":[[0,0],[2.166,-0.883],[0,0],[-1.592,1.65]],"v":[[8.589,17.654],[5.388,13.253],[10.937,9.218],[14.138,13.626]],"c":true},"ix":2},"nm":"Path 16","mn":"ADBE Vector Shape - Group","hd":false},{"ind":16,"ty":"sh","ix":17,"ks":{"a":0,"k":{"i":[[0,0],[2.017,-1.113],[0,0],[-1.633,1.605]],"o":[[-1.668,1.565],[0,0],[2.047,-1.069],[0,0]],"v":[[18.81,20.054],[13.266,24.093],[10.695,20.555],[16.244,16.524]],"c":true},"ix":2},"nm":"Path 17","mn":"ADBE Vector Shape - Group","hd":false},{"ind":17,"ty":"sh","ix":18,"ks":{"a":0,"k":{"i":[[-0.434,-2.288],[0,0],[1.014,2.025],[0,0]],"o":[[0,0],[-0.385,-2.308],[0,0],[0.964,2.048]],"v":[[27.009,-5.171],[22.849,-3.818],[20.728,-10.34],[24.894,-11.695]],"c":true},"ix":2},"nm":"Path 18","mn":"ADBE Vector Shape - Group","hd":false},{"ind":18,"ty":"sh","ix":19,"ks":{"a":0,"k":{"i":[[-3.681,-5.73],[0,0],[4.85,1.531],[0,0]],"o":[[0,0],[-2.897,-4.05],[0,0],[6.764,1.764]],"v":[[23.148,-14.842],[18.858,-13.447],[6.96,-22.122],[6.96,-26.611]],"c":true},"ix":2},"nm":"Path 19","mn":"ADBE Vector Shape - Group","hd":false},{"ind":19,"ty":"sh","ix":20,"ks":{"a":0,"k":{"i":[[0,-0.538],[3.895,-4.745],[0,0],[0,5.162],[0,0.071],[0,0]],"o":[[0,6.618],[0,0],[2.862,-3.858],[0,-0.071],[0,0],[0.03,0.53]],"v":[[27.503,-0.001],[21.27,17.433],[18.613,13.775],[23.191,-0.001],[23.18,-0.213],[27.453,-1.601]],"c":true},"ix":2},"nm":"Path 20","mn":"ADBE Vector Shape - Group","hd":false},{"ind":20,"ty":"sh","ix":21,"ks":{"a":0,"k":{"i":[[28.325,0],[0,-28.323],[-28.325,0],[0,28.324]],"o":[[-28.325,0],[0,28.324],[28.325,0],[0,-28.323]],"v":[[0,-51.287],[-51.288,-0.002],[0,51.287],[51.288,-0.002]],"c":true},"ix":2},"nm":"Path 21","mn":"ADBE Vector Shape - Group","hd":false},{"ty":"mm","mm":1,"nm":"Merge Paths 1","mn":"ADBE Vector Filter - Merge","hd":false},{"ty":"fl","c":{"a":0,"k":[0.102000000898,0.102000000898,0.102000000898,1],"ix":4},"o":{"a":0,"k":100,"ix":5},"r":1,"bm":0,"nm":"Fill 1","mn":"ADBE Vector Graphic - Fill","hd":false},{"ty":"tr","p":{"a":0,"k":[471.271,185.06],"ix":2},"a":{"a":0,"k":[0,0],"ix":1},"s":{"a":0,"k":[100,100],"ix":3},"r":{"a":0,"k":0,"ix":6},"o":{"a":0,"k":100,"ix":7},"sk":{"a":0,"k":0,"ix":4},"sa":{"a":0,"k":0,"ix":5},"nm":"Transform"}],"nm":"Group 25","np":25,"cix":2,"bm":0,"ix":25,"mn":"ADBE Vector Group","hd":false},{"ty":"gr","it":[{"ind":0,"ty":"sh","ix":1,"ks":{"a":0,"k":{"i":[[0,0],[-2.574,0],[-2.315,0.778],[0,0],[3.532,0],[3.102,1.213]],"o":[[2.316,0.779],[2.575,0],[0,0],[-3.102,1.213],[-3.531,0],[0,0]],"v":[[-7.36,21.972],[0,23.191],[7.359,21.973],[10.006,25.617],[0,27.503],[-10.007,25.617]],"c":true},"ix":2},"nm":"Path 1","mn":"ADBE Vector Shape - Group","hd":false},{"ind":1,"ty":"sh","ix":2,"ks":{"a":0,"k":{"i":[[1.667,1.564],[0,0],[-2.047,-1.069],[0,0]],"o":[[0,0],[1.633,1.605],[0,0],[-2.017,-1.113]],"v":[[-18.81,20.054],[-16.245,16.524],[-10.696,20.555],[-13.266,24.093]],"c":true},"ix":2},"nm":"Path 2","mn":"ADBE Vector Shape - Group","hd":false},{"ind":2,"ty":"sh","ix":3,"ks":{"a":0,"k":{"i":[[-0.031,0.53],[0,0],[0,-0.071],[-2.862,-3.856],[0,0],[0,6.617]],"o":[[0,0],[-0.001,0.071],[0,5.162],[0,0],[-3.893,-4.745],[0,-0.538]],"v":[[-27.453,-1.601],[-23.18,-0.213],[-23.191,-0.001],[-18.614,13.774],[-21.271,17.432],[-27.503,-0.001]],"c":true},"ix":2},"nm":"Path 3","mn":"ADBE Vector Shape - Group","hd":false},{"ind":3,"ty":"sh","ix":4,"ks":{"a":0,"k":{"i":[[0,0],[0.384,-2.306],[0,0],[-0.965,2.048]],"o":[[-1.014,2.025],[0,0],[0.435,-2.288],[0,0]],"v":[[-20.728,-10.34],[-22.849,-3.821],[-27.01,-5.171],[-24.894,-11.695]],"c":true},"ix":2},"nm":"Path 4","mn":"ADBE Vector Shape - Group","hd":false},{"ind":4,"ty":"sh","ix":5,"ks":{"a":0,"k":{"i":[[-6.763,1.764],[0,0],[2.897,-4.05],[0,0]],"o":[[0,0],[-4.849,1.531],[0,0],[3.681,-5.73]],"v":[[-6.961,-26.611],[-6.961,-22.122],[-18.859,-13.447],[-23.149,-14.842]],"c":true},"ix":2},"nm":"Path 5","mn":"ADBE Vector Shape - Group","hd":false},{"ind":5,"ty":"sh","ix":6,"ks":{"a":0,"k":{"i":[[0,0],[1.167,0],[1.123,-0.168],[0,0],[-1.162,0],[-1.124,-0.141]],"o":[[-1.122,-0.168],[-1.168,0],[0,0],[1.125,-0.141],[1.163,0],[0,0]],"v":[[3.429,-22.908],[0,-23.192],[-3.429,-22.908],[-3.429,-27.282],[0,-27.502],[3.429,-27.282]],"c":true},"ix":2},"nm":"Path 6","mn":"ADBE Vector Shape - Group","hd":false},{"ind":6,"ty":"sh","ix":7,"ks":{"a":0,"k":{"i":[[0,0],[1.195,1.919],[0,0],[-0.324,-2.327]],"o":[[-0.171,-2.384],[0,0],[1.067,1.995],[0,0]],"v":[[14.259,-1.028],[12.141,-7.55],[17.341,-9.24],[19.449,-2.715]],"c":true},"ix":2},"nm":"Path 7","mn":"ADBE Vector Shape - Group","hd":false},{"ind":7,"ty":"sh","ix":8,"ks":{"a":0,"k":{"i":[[0,0],[-0.223,1.14],[0,0],[1.872,-2.847]],"o":[[0.476,-1.027],[0,0],[-0.172,3.613],[0,0]],"v":[[12.973,6.012],[14.039,2.758],[19.61,0.947],[16.428,10.768]],"c":true},"ix":2},"nm":"Path 8","mn":"ADBE Vector Shape - Group","hd":false},{"ind":8,"ty":"sh","ix":9,"ks":{"a":0,"k":{"i":[[0,0],[-0.58,0],[-0.561,0.066],[0,0],[1.788,0],[1.647,0.449]],"o":[[0.562,0.066],[0.58,0],[0,0],[-1.648,0.449],[-1.789,0],[0,0]],"v":[[-1.712,14.199],[0,14.309],[1.71,14.199],[5.161,18.947],[0,19.658],[-5.161,18.947]],"c":true},"ix":2},"nm":"Path 9","mn":"ADBE Vector Shape - Group","hd":false},{"ind":9,"ty":"sh","ix":10,"ks":{"a":0,"k":{"i":[[0,0],[-2.164,-0.881],[0,0],[1.59,1.651]],"o":[[1.484,1.758],[0,0],[-2.081,-1.016],[0,0]],"v":[[-10.937,9.218],[-5.39,13.251],[-8.589,17.654],[-14.138,13.624]],"c":true},"ix":2},"nm":"Path 10","mn":"ADBE Vector Shape - Group","hd":false},{"ind":10,"ty":"sh","ix":11,"ks":{"a":0,"k":{"i":[[0,0],[-0.478,-1.027],[0,0],[0.174,3.612]],"o":[[0.223,1.14],[0,0],[-1.873,-2.847],[0,0]],"v":[[-14.038,2.757],[-12.972,6.011],[-16.428,10.768],[-19.611,0.947]],"c":true},"ix":2},"nm":"Path 11","mn":"ADBE Vector Shape - Group","hd":false},{"ind":11,"ty":"sh","ix":12,"ks":{"a":0,"k":{"i":[[0,0],[0.17,-2.384],[0,0],[-1.067,1.995]],"o":[[-1.196,1.919],[0,0],[0.324,-2.327],[0,0]],"v":[[-12.14,-7.55],[-14.258,-1.028],[-19.449,-2.715],[-17.342,-9.24]],"c":true},"ix":2},"nm":"Path 12","mn":"ADBE Vector Shape - Group","hd":false},{"ind":12,"ty":"sh","ix":13,"ks":{"a":0,"k":{"i":[[0,0],[0.836,-0.775],[0,0],[-3.299,1.255]],"o":[[-1.003,0.56],[0,0],[2.177,-2.705],[0,0]],"v":[[-6.961,-12.498],[-9.722,-10.48],[-15.315,-12.296],[-6.961,-18.363]],"c":true},"ix":2},"nm":"Path 13","mn":"ADBE Vector Shape - Group","hd":false},{"ind":13,"ty":"sh","ix":14,"ks":{"a":0,"k":{"i":[[0,0],[1.185,0],[1.101,-0.271],[0,0],[-1.171,0],[-1.116,-0.198]],"o":[[-1.1,-0.271],[-1.184,0],[0,0],[1.116,-0.198],[1.172,0],[0,0]],"v":[[3.429,-13.88],[0,-14.311],[-3.429,-13.88],[-3.429,-19.339],[0,-19.66],[3.429,-19.339]],"c":true},"ix":2},"nm":"Path 14","mn":"ADBE Vector Shape - Group","hd":false},{"ind":14,"ty":"sh","ix":15,"ks":{"a":0,"k":{"i":[[0,0],[1.002,0.56],[0,0],[-2.176,-2.706]],"o":[[-0.836,-0.777],[0,0],[3.299,1.256],[0,0]],"v":[[9.722,-10.479],[6.962,-12.498],[6.962,-18.363],[15.315,-12.295]],"c":true},"ix":2},"nm":"Path 15","mn":"ADBE Vector Shape - Group","hd":false},{"ind":15,"ty":"sh","ix":16,"ks":{"a":0,"k":{"i":[[2.081,-1.016],[0,0],[-1.485,1.759],[0,0]],"o":[[0,0],[2.165,-0.883],[0,0],[-1.59,1.65]],"v":[[8.589,17.654],[5.389,13.253],[10.937,9.218],[14.138,13.626]],"c":true},"ix":2},"nm":"Path 16","mn":"ADBE Vector Shape - Group","hd":false},{"ind":16,"ty":"sh","ix":17,"ks":{"a":0,"k":{"i":[[0,0],[2.017,-1.113],[0,0],[-1.632,1.605]],"o":[[-1.668,1.565],[0,0],[2.046,-1.069],[0,0]],"v":[[18.81,20.054],[13.266,24.093],[10.696,20.555],[16.244,16.524]],"c":true},"ix":2},"nm":"Path 17","mn":"ADBE Vector Shape - Group","hd":false},{"ind":17,"ty":"sh","ix":18,"ks":{"a":0,"k":{"i":[[-0.436,-2.288],[0,0],[1.014,2.025],[0,0]],"o":[[0,0],[-0.385,-2.308],[0,0],[0.963,2.048]],"v":[[27.011,-5.171],[22.849,-3.818],[20.728,-10.34],[24.895,-11.695]],"c":true},"ix":2},"nm":"Path 18","mn":"ADBE Vector Shape - Group","hd":false},{"ind":18,"ty":"sh","ix":19,"ks":{"a":0,"k":{"i":[[-3.682,-5.73],[0,0],[4.849,1.531],[0,0]],"o":[[0,0],[-2.896,-4.05],[0,0],[6.762,1.764]],"v":[[23.149,-14.842],[18.858,-13.447],[6.962,-22.122],[6.962,-26.611]],"c":true},"ix":2},"nm":"Path 19","mn":"ADBE Vector Shape - Group","hd":false},{"ind":19,"ty":"sh","ix":20,"ks":{"a":0,"k":{"i":[[0,-0.538],[3.895,-4.745],[0,0],[0,5.162],[0,0.071],[0,0]],"o":[[0,6.618],[0,0],[2.862,-3.858],[0,-0.071],[0,0],[0.03,0.53]],"v":[[27.503,-0.001],[21.27,17.433],[18.613,13.775],[23.191,-0.001],[23.18,-0.213],[27.453,-1.601]],"c":true},"ix":2},"nm":"Path 20","mn":"ADBE Vector Shape - Group","hd":false},{"ind":20,"ty":"sh","ix":21,"ks":{"a":0,"k":{"i":[[28.325,0],[0,-28.323],[-28.325,0],[0,28.324]],"o":[[-28.325,0],[0,28.324],[28.325,0],[0,-28.323]],"v":[[0,-51.287],[-51.288,-0.002],[0,51.287],[51.288,-0.002]],"c":true},"ix":2},"nm":"Path 21","mn":"ADBE Vector Shape - Group","hd":false},{"ty":"mm","mm":1,"nm":"Merge Paths 1","mn":"ADBE Vector Filter - Merge","hd":false},{"ty":"fl","c":{"a":0,"k":[0.102000000898,0.102000000898,0.102000000898,1],"ix":4},"o":{"a":0,"k":100,"ix":5},"r":1,"bm":0,"nm":"Fill 1","mn":"ADBE Vector Graphic - Fill","hd":false},{"ty":"tr","p":{"a":0,"k":[108.346,185.06],"ix":2},"a":{"a":0,"k":[0,0],"ix":1},"s":{"a":0,"k":[100,100],"ix":3},"r":{"a":0,"k":0,"ix":6},"o":{"a":0,"k":100,"ix":7},"sk":{"a":0,"k":0,"ix":4},"sa":{"a":0,"k":0,"ix":5},"nm":"Transform"}],"nm":"Group 26","np":25,"cix":2,"bm":0,"ix":26,"mn":"ADBE Vector Group","hd":false}],"ip":0,"op":300,"st":0,"bm":0}],"markers":[]}